RunTime,ExecutableName
2024-02-11 03:46:43,121.0.6167.161_CHROME_INSTALL
2024-02-12 04:40:45,\VOLUME{01da548a92ca424f-2492e71d}\WINDOWS\SYSTEM32\APPLICATIONFRAMEHOST.EXE
2024-02-11 03:55:02,\VOLUME{01da548a92ca424f-2492e71d}\WINDOWS\SYSTEM32\APPLICATIONFRAMEHOST.EXE
2024-02-11 03:49:14,\VOLUME{01da548a92ca424f-2492e71d}\WINDOWS\SYSTEM32\APPLICATIONFRAMEHOST.EXE
2024-02-05 03:39:47,\VOLUME{01da548a92ca424f-2492e71d}\WINDOWS\SYSTEM32\APPLICATIONFRAMEHOST.EXE
2024-02-02 16:23:29,\VOLUME{01da548a92ca424f-2492e71d}\WINDOWS\SYSTEM32\APPLICATIONFRAMEHOST.EXE
2024-02-02 15:58:20,\VOLUME{01da548a92ca424f-2492e71d}\WINDOWS\SYSTEM32\APPLICATIONFRAMEHOST.EXE
2024-02-12 04:45:21,\VOLUME{01da548a92ca424f-2492e71d}\WINDOWS\SYSTEM32\AUDIODG.EXE
2024-02-11 03:59:22,\VOLUME{01da548a92ca424f-2492e71d}\WINDOWS\SYSTEM32\AUDIODG.EXE
2024-02-11 03:46:24,\VOLUME{01da548a92ca424f-2492e71d}\WINDOWS\SYSTEM32\AUDIODG.EXE
2024-02-05 03:44:48,\VOLUME{01da548a92ca424f-2492e71d}\WINDOWS\SYSTEM32\AUDIODG.EXE
2024-02-05 03:33:38,\VOLUME{01da548a92ca424f-2492e71d}\WINDOWS\SYSTEM32\AUDIODG.EXE
2024-02-03 00:02:35,\VOLUME{01da548a92ca424f-2492e71d}\WINDOWS\SYSTEM32\AUDIODG.EXE
2024-01-31 13:49:28,\VOLUME{01da548a92ca424f-2492e71d}\WINDOWS\SYSTEM32\AUDIODG.EXE
2024-02-12 04:40:15,\VOLUME{01da548a92ca424f-2492e71d}\WINDOWS\SYSTEM32\BACKGROUNDTASKHOST.EXE
2024-02-11 03:54:47,\VOLUME{01da548a92ca424f-2492e71d}\WINDOWS\SYSTEM32\BACKGROUNDTASKHOST.EXE
2024-02-04 19:01:52,\VOLUME{01da548a92ca424f-2492e71d}\WINDOWS\SYSTEM32\BACKGROUNDTASKHOST.EXE
2024-02-04 19:01:50,\VOLUME{01da548a92ca424f-2492e71d}\WINDOWS\SYSTEM32\BACKGROUNDTASKHOST.EXE
2024-02-04 19:01:36,\VOLUME{01da548a92ca424f-2492e71d}\WINDOWS\SYSTEM32\BACKGROUNDTASKHOST.EXE
2024-02-02 16:23:36,\VOLUME{01da548a92ca424f-2492e71d}\WINDOWS\SYSTEM32\BACKGROUNDTASKHOST.EXE
2024-02-11 04:01:23,\VOLUME{01da548a92ca424f-2492e71d}\WINDOWS\SYSTEM32\BACKGROUNDTRANSFERHOST.EXE
2024-02-11 03:50:36,\VOLUME{01da548a92ca424f-2492e71d}\WINDOWS\SYSTEM32\BACKGROUNDTRANSFERHOST.EXE
2024-02-11 03:50:36,\VOLUME{01da548a92ca424f-2492e71d}\WINDOWS\SYSTEM32\BACKGROUNDTRANSFERHOST.EXE
2024-02-11 03:50:35,\VOLUME{01da548a92ca424f-2492e71d}\WINDOWS\SYSTEM32\BACKGROUNDTRANSFERHOST.EXE
2024-02-11 03:50:34,\VOLUME{01da548a92ca424f-2492e71d}\WINDOWS\SYSTEM32\BACKGROUNDTRANSFERHOST.EXE
2024-02-05 03:36:27,\VOLUME{01da548a92ca424f-2492e71d}\WINDOWS\SYSTEM32\BACKGROUNDTRANSFERHOST.EXE
2024-02-05 03:36:27,\VOLUME{01da548a92ca424f-2492e71d}\WINDOWS\SYSTEM32\BACKGROUNDTRANSFERHOST.EXE
2024-02-05 03:36:27,\VOLUME{01da548a92ca424f-2492e71d}\WINDOWS\SYSTEM32\BACKGROUNDTRANSFERHOST.EXE
2024-02-11 03:58:51,\VOLUME{01da548a92ca424f-2492e71d}\WINDOWS\SYSTEM32\BACKGROUNDTRANSFERHOST.EXE
2024-02-11 03:47:03,\VOLUME{01da548a92ca424f-2492e71d}\PROGRAM FILES\GOOGLE\CHROME\APPLICATION\121.0.6167.161\INSTALLER\CHRMSTP.EXE
2024-02-11 03:46:58,\VOLUME{01da548a92ca424f-2492e71d}\PROGRAM FILES\GOOGLE\CHROME\APPLICATION\CHROME.EXE
2024-02-11 03:47:18,\VOLUME{01da548a92ca424f-2492e71d}\PROGRAM FILES\GOOGLE\CHROME\APPLICATION\CHROME.EXE
2024-02-11 03:47:05,\VOLUME{01da548a92ca424f-2492e71d}\PROGRAM FILES\GOOGLE\CHROME\APPLICATION\CHROME.EXE
2024-02-11 03:47:04,\VOLUME{01da548a92ca424f-2492e71d}\PROGRAM FILES\GOOGLE\CHROME\APPLICATION\CHROME.EXE
2024-02-11 03:47:00,\VOLUME{01da548a92ca424f-2492e71d}\PROGRAM FILES\GOOGLE\CHROME\APPLICATION\CHROME.EXE
2024-02-11 03:46:59,\VOLUME{01da548a92ca424f-2492e71d}\PROGRAM FILES\GOOGLE\CHROME\APPLICATION\CHROME.EXE
2024-02-11 03:47:25,\VOLUME{01da548a92ca424f-2492e71d}\PROGRAM FILES\GOOGLE\CHROME\APPLICATION\CHROME.EXE
2024-02-11 03:47:24,\VOLUME{01da548a92ca424f-2492e71d}\PROGRAM FILES\GOOGLE\CHROME\APPLICATION\CHROME.EXE
2024-02-11 03:47:22,\VOLUME{01da548a92ca424f-2492e71d}\PROGRAM FILES\GOOGLE\CHROME\APPLICATION\CHROME.EXE
2024-02-11 03:47:21,\VOLUME{01da548a92ca424f-2492e71d}\PROGRAM FILES\GOOGLE\CHROME\APPLICATION\CHROME.EXE
2024-02-11 03:47:19,\VOLUME{01da548a92ca424f-2492e71d}\PROGRAM FILES\GOOGLE\CHROME\APPLICATION\CHROME.EXE
2024-02-11 03:47:18,\VOLUME{01da548a92ca424f-2492e71d}\PROGRAM FILES\GOOGLE\CHROME\APPLICATION\CHROME.EXE
2024-02-11 03:47:16,\VOLUME{01da548a92ca424f-2492e71d}\PROGRAM FILES\GOOGLE\CHROME\APPLICATION\CHROME.EXE
2024-02-11 03:47:16,\VOLUME{01da548a92ca424f-2492e71d}\PROGRAM FILES\GOOGLE\CHROME\APPLICATION\CHROME.EXE
2024-02-11 03:49:06,\VOLUME{01da548a92ca424f-2492e71d}\WINDOWS\SYSTEMAPPS\MICROSOFT.WINDOWS.APPREP.CHXAPP_CW5N1H2TXYEWY\CHXSMARTSCREEN.EXE
2024-02-11 03:54:45,\VOLUME{01da548a92ca424f-2492e71d}\WINDOWS\SYSTEM32\CMD.EXE
2024-02-11 03:54:46,\VOLUME{01da548a92ca424f-2492e71d}\WINDOWS\SYSTEM32\CMD.EXE
2024-02-11 03:49:37,\VOLUME{01da548a92ca424f-2492e71d}\WINDOWS\SYSTEM32\CMD.EXE
2024-02-11 03:49:37,\VOLUME{01da548a92ca424f-2492e71d}\WINDOWS\SYSTEM32\CMD.EXE
2024-02-02 15:58:11,\VOLUME{01da548a92ca424f-2492e71d}\WINDOWS\SYSTEM32\CMD.EXE
2024-02-02 15:58:11,\VOLUME{01da548a92ca424f-2492e71d}\WINDOWS\SYSTEM32\CMD.EXE
2024-02-02 15:58:11,\VOLUME{01da548a92ca424f-2492e71d}\WINDOWS\SYSTEM32\CMD.EXE
2024-02-02 15:58:11,\VOLUME{01da548a92ca424f-2492e71d}\WINDOWS\SYSTEM32\CMD.EXE
2024-02-12 05:05:08,\VOLUME{01da548a92ca424f-2492e71d}\WINDOWS\SYSTEM32\COMPATTELRUNNER.EXE
2024-02-12 04:54:41,\VOLUME{01da548a92ca424f-2492e71d}\WINDOWS\SYSTEM32\COMPATTELRUNNER.EXE
2024-02-12 05:05:08,\VOLUME{01da548a92ca424f-2492e71d}\WINDOWS\SYSTEM32\CONHOST.EXE
2024-02-12 04:54:41,\VOLUME{01da548a92ca424f-2492e71d}\WINDOWS\SYSTEM32\CONHOST.EXE
2024-02-12 04:49:41,\VOLUME{01da548a92ca424f-2492e71d}\WINDOWS\SYSTEM32\CONHOST.EXE
2024-02-12 04:49:41,\VOLUME{01da548a92ca424f-2492e71d}\WINDOWS\SYSTEM32\CONHOST.EXE
2024-02-11 04:03:36,\VOLUME{01da548a92ca424f-2492e71d}\WINDOWS\SYSTEM32\CONHOST.EXE
2024-02-11 03:54:45,\VOLUME{01da548a92ca424f-2492e71d}\WINDOWS\SYSTEM32\CONHOST.EXE
2024-02-11 03:54:46,\VOLUME{01da548a92ca424f-2492e71d}\WINDOWS\SYSTEM32\CONHOST.EXE
2024-02-11 03:49:28,\VOLUME{01da548a92ca424f-2492e71d}\WINDOWS\SYSTEM32\CONHOST.EXE
2024-02-12 05:11:32,\VOLUME{01da548a92ca424f-2492e71d}\WINDOWS\SYSTEM32\CONSENT.EXE
2024-02-12 04:47:58,\VOLUME{01da548a92ca424f-2492e71d}\WINDOWS\SYSTEM32\CONSENT.EXE
2024-02-12 04:41:34,\VOLUME{01da548a92ca424f-2492e71d}\WINDOWS\SYSTEM32\CONSENT.EXE
2024-02-11 04:01:56,\VOLUME{01da548a92ca424f-2492e71d}\WINDOWS\SYSTEM32\CONSENT.EXE
2024-02-11 03:46:24,\VOLUME{01da548a92ca424f-2492e71d}\WINDOWS\SYSTEM32\CONSENT.EXE
2024-02-12 04:41:36,\VOLUME{01da548a92ca424f-2492e71d}\WINDOWS\SYSTEM32\DLLHOST.EXE
2024-02-11 03:55:31,\VOLUME{01da548a92ca424f-2492e71d}\WINDOWS\SYSTEM32\DLLHOST.EXE
2024-02-11 03:46:21,\VOLUME{01da548a92ca424f-2492e71d}\WINDOWS\SYSTEM32\DLLHOST.EXE
2024-02-05 03:40:14,\VOLUME{01da548a92ca424f-2492e71d}\WINDOWS\SYSTEM32\DLLHOST.EXE
2024-02-02 16:23:02,\VOLUME{01da548a92ca424f-2492e71d}\WINDOWS\SYSTEM32\DLLHOST.EXE
2024-01-31 12:27:54,\VOLUME{01da548a92ca424f-2492e71d}\WINDOWS\SYSTEM32\DLLHOST.EXE
2024-01-31 12:21:46,\VOLUME{01da548a92ca424f-2492e71d}\WINDOWS\SYSTEM32\DLLHOST.EXE
2024-02-12 04:45:36,\VOLUME{01da548a92ca424f-2492e71d}\WINDOWS\SYSTEM32\DLLHOST.EXE
2024-02-11 03:48:04,\VOLUME{01da548a92ca424f-2492e71d}\WINDOWS\SYSTEM32\DLLHOST.EXE
2024-02-05 03:36:37,\VOLUME{01da548a92ca424f-2492e71d}\WINDOWS\SYSTEM32\DLLHOST.EXE
2024-02-02 15:56:01,\VOLUME{01da548a92ca424f-2492e71d}\WINDOWS\SYSTEM32\DLLHOST.EXE
2024-01-31 12:20:01,\VOLUME{01da548a92ca424f-2492e71d}\WINDOWS\SYSTEM32\DLLHOST.EXE
2024-02-12 05:11:30,\VOLUME{01da548a92ca424f-2492e71d}\WINDOWS\SYSTEM32\DLLHOST.EXE
2024-02-12 05:00:49,\VOLUME{01da548a92ca424f-2492e71d}\WINDOWS\SYSTEM32\DLLHOST.EXE
2024-02-12 04:47:24,\VOLUME{01da548a92ca424f-2492e71d}\WINDOWS\SYSTEM32\DLLHOST.EXE
2024-02-11 04:01:07,\VOLUME{01da548a92ca424f-2492e71d}\WINDOWS\SYSTEM32\DLLHOST.EXE
2024-02-11 03:57:21,\VOLUME{01da548a92ca424f-2492e71d}\WINDOWS\SYSTEM32\DLLHOST.EXE
2024-02-11 03:54:32,\VOLUME{01da548a92ca424f-2492e71d}\WINDOWS\SYSTEM32\DLLHOST.EXE
2024-02-11 03:47:43,\VOLUME{01da548a92ca424f-2492e71d}\WINDOWS\SYSTEM32\DLLHOST.EXE
2024-02-11 03:46:18,\VOLUME{01da548a92ca424f-2492e71d}\WINDOWS\SYSTEM32\DLLHOST.EXE
2024-02-12 04:47:58,\VOLUME{01da548a92ca424f-2492e71d}\WINDOWS\SYSTEM32\DLLHOST.EXE
2024-02-11 03:58:48,\VOLUME{01da548a92ca424f-2492e71d}\WINDOWS\SYSTEM32\DLLHOST.EXE
2024-02-11 03:53:07,\VOLUME{01da548a92ca424f-2492e71d}\WINDOWS\SYSTEM32\DLLHOST.EXE
2024-02-05 03:39:46,\VOLUME{01da548a92ca424f-2492e71d}\WINDOWS\SYSTEM32\DLLHOST.EXE
2024-02-05 03:36:40,\VOLUME{01da548a92ca424f-2492e71d}\WINDOWS\SYSTEM32\DLLHOST.EXE
2024-02-05 03:35:00,\VOLUME{01da548a92ca424f-2492e71d}\WINDOWS\SYSTEM32\DLLHOST.EXE
2024-02-05 03:33:34,\VOLUME{01da548a92ca424f-2492e71d}\WINDOWS\SYSTEM32\DLLHOST.EXE
2024-02-02 16:26:07,\VOLUME{01da548a92ca424f-2492e71d}\WINDOWS\SYSTEM32\DLLHOST.EXE
2024-02-02 23:58:13,\VOLUME{01da548a92ca424f-2492e71d}\WINDOWS\SYSTEM32\DLLHOST.EXE
2024-02-11 04:01:10,\VOLUME{01da548a92ca424f-2492e71d}\WINDOWS\SYSTEM32\DRVINST.EXE
2024-02-11 04:01:10,\VOLUME{01da548a92ca424f-2492e71d}\WINDOWS\SYSTEM32\DRVINST.EXE
2024-01-31 12:21:21,\VOLUME{01da548a92ca424f-2492e71d}\WINDOWS\SYSTEM32\DRVINST.EXE
2024-01-31 12:21:20,\VOLUME{01da548a92ca424f-2492e71d}\WINDOWS\SYSTEM32\DRVINST.EXE
2024-02-12 04:47:23,\VOLUME{01da548a92ca424f-2492e71d}\USERS\WOCSA\APPDATA\LOCAL\MICROSOFT\ONEDRIVE\24.015.0121.0003\FILECOAUTH.EXE
2024-02-12 04:40:45,\VOLUME{01da548a92ca424f-2492e71d}\USERS\WOCSA\APPDATA\LOCAL\MICROSOFT\ONEDRIVE\24.015.0121.0003\FILECOAUTH.EXE
2024-02-11 03:57:20,\VOLUME{01da548a92ca424f-2492e71d}\USERS\WOCSA\APPDATA\LOCAL\MICROSOFT\ONEDRIVE\24.015.0121.0003\FILECOAUTH.EXE
2024-02-11 03:47:49,\VOLUME{01da548a92ca424f-2492e71d}\USERS\WOCSA\APPDATA\LOCAL\MICROSOFT\ONEDRIVE\24.015.0121.0003\FILECOAUTH.EXE
2024-02-02 16:23:22,\VOLUME{01da548a92ca424f-2492e71d}\PROGRAM FILES\WINDOWSAPPS\MICROSOFT.XBOXGAMINGOVERLAY_2.34.28001.0_X64__8WEKYB3D8BBWE\GAMEBAR.EXE
2024-02-12 04:41:36,\VOLUME{01da548a92ca424f-2492e71d}\PROGRAM FILES (X86)\GOOGLE\UPDATE\1.3.36.372\GOOGLECRASHHANDLER.EXE
2024-02-11 03:55:31,\VOLUME{01da548a92ca424f-2492e71d}\PROGRAM FILES (X86)\GOOGLE\UPDATE\1.3.36.372\GOOGLECRASHHANDLER.EXE
2024-02-11 03:46:58,\VOLUME{01da548a92ca424f-2492e71d}\PROGRAM FILES (X86)\GOOGLE\UPDATE\1.3.36.372\GOOGLECRASHHANDLER.EXE
2024-02-11 03:55:31,\VOLUME{01da548a92ca424f-2492e71d}\PROGRAM FILES (X86)\GOOGLE\UPDATE\1.3.36.372\GOOGLECRASHHANDLER64.EXE
2024-02-11 03:46:58,\VOLUME{01da548a92ca424f-2492e71d}\PROGRAM FILES (X86)\GOOGLE\UPDATE\1.3.36.372\GOOGLECRASHHANDLER64.EXE
2024-02-12 04:52:26,\VOLUME{01da548a92ca424f-2492e71d}\PROGRAM FILES (X86)\GOOGLE\UPDATE\GOOGLEUPDATE.EXE
2024-02-12 04:46:22,\VOLUME{01da548a92ca424f-2492e71d}\PROGRAM FILES (X86)\GOOGLE\UPDATE\GOOGLEUPDATE.EXE
2024-02-12 04:41:36,\VOLUME{01da548a92ca424f-2492e71d}\PROGRAM FILES (X86)\GOOGLE\UPDATE\GOOGLEUPDATE.EXE
2024-02-12 04:41:36,\VOLUME{01da548a92ca424f-2492e71d}\PROGRAM FILES (X86)\GOOGLE\UPDATE\GOOGLEUPDATE.EXE
2024-02-11 03:55:31,\VOLUME{01da548a92ca424f-2492e71d}\PROGRAM FILES (X86)\GOOGLE\UPDATE\GOOGLEUPDATE.EXE
2024-02-11 03:55:31,\VOLUME{01da548a92ca424f-2492e71d}\PROGRAM FILES (X86)\GOOGLE\UPDATE\GOOGLEUPDATE.EXE
2024-02-11 03:52:07,\VOLUME{01da548a92ca424f-2492e71d}\PROGRAM FILES (X86)\GOOGLE\UPDATE\GOOGLEUPDATE.EXE
2024-02-11 03:46:58,\VOLUME{01da548a92ca424f-2492e71d}\PROGRAM FILES (X86)\GOOGLE\UPDATE\GOOGLEUPDATE.EXE
2024-02-11 03:46:34,GOOGLEUPDATECOMREGISTERSHELL6
2024-02-11 03:46:34,GOOGLEUPDATECOMREGISTERSHELL6
2024-02-11 03:46:34,GOOGLEUPDATECOMREGISTERSHELL6
2024-02-11 03:46:58,\VOLUME{01da548a92ca424f-2492e71d}\PROGRAM FILES (X86)\GOOGLE\UPDATE\1.3.36.372\GOOGLEUPDATEONDEMAND.EXE
2024-02-11 03:46:26,\VOLUME{01da548a92ca424f-2492e71d}\USERS\WOCSA\APPDATA\LOCAL\TEMP\GUM9035.TMP\GOOGLEUPDATESETUP.EXE
2024-02-05 03:38:29,\VOLUME{01da548a92ca424f-2492e71d}\WINDOWS\SYSTEM32\LOGONUI.EXE
2024-02-02 16:01:45,\VOLUME{01da548a92ca424f-2492e71d}\WINDOWS\SYSTEM32\LOGONUI.EXE
2024-01-31 13:48:14,\VOLUME{01da548a92ca424f-2492e71d}\WINDOWS\SYSTEM32\LOGONUI.EXE
2024-02-02 23:57:31,\VOLUME{01da548a92ca424f-2492e71d}\USERS\WOCSA\APPDATA\LOCAL\TEMP\EUB580.TMP\MICROSOFTEDGEUPDATE.EXE
2024-02-12 05:05:25,\VOLUME{01da548a92ca424f-2492e71d}\PROGRAM FILES (X86)\MICROSOFT\EDGEUPDATE\MICROSOFTEDGEUPDATE.EXE
2024-02-12 04:45:35,\VOLUME{01da548a92ca424f-2492e71d}\PROGRAM FILES (X86)\MICROSOFT\EDGEUPDATE\MICROSOFTEDGEUPDATE.EXE
2024-02-12 04:41:36,\VOLUME{01da548a92ca424f-2492e71d}\PROGRAM FILES (X86)\MICROSOFT\EDGEUPDATE\MICROSOFTEDGEUPDATE.EXE
2024-02-12 04:41:36,\VOLUME{01da548a92ca424f-2492e71d}\PROGRAM FILES (X86)\MICROSOFT\EDGEUPDATE\MICROSOFTEDGEUPDATE.EXE
2024-02-11 03:55:31,\VOLUME{01da548a92ca424f-2492e71d}\PROGRAM FILES (X86)\MICROSOFT\EDGEUPDATE\MICROSOFTEDGEUPDATE.EXE
2024-02-11 03:55:31,\VOLUME{01da548a92ca424f-2492e71d}\PROGRAM FILES (X86)\MICROSOFT\EDGEUPDATE\MICROSOFTEDGEUPDATE.EXE
2024-02-11 03:49:06,\VOLUME{01da548a92ca424f-2492e71d}\PROGRAM FILES (X86)\MICROSOFT\EDGEUPDATE\MICROSOFTEDGEUPDATE.EXE
2024-02-11 03:46:19,\VOLUME{01da548a92ca424f-2492e71d}\PROGRAM FILES (X86)\MICROSOFT\EDGEUPDATE\MICROSOFTEDGEUPDATE.EXE
2024-02-12 05:07:39,\VOLUME{01da548a92ca424f-2492e71d}\USERS\WOCSA\APPDATA\LOCAL\MICROSOFT\EDGEUPDATE\MICROSOFTEDGEUPDATE.EXE
2024-02-12 04:45:35,\VOLUME{01da548a92ca424f-2492e71d}\USERS\WOCSA\APPDATA\LOCAL\MICROSOFT\EDGEUPDATE\MICROSOFTEDGEUPDATE.EXE
2024-02-12 04:45:35,\VOLUME{01da548a92ca424f-2492e71d}\USERS\WOCSA\APPDATA\LOCAL\MICROSOFT\EDGEUPDATE\MICROSOFTEDGEUPDATE.EXE
2024-02-11 03:48:01,\VOLUME{01da548a92ca424f-2492e71d}\USERS\WOCSA\APPDATA\LOCAL\MICROSOFT\EDGEUPDATE\MICROSOFTEDGEUPDATE.EXE
2024-02-11 03:48:01,\VOLUME{01da548a92ca424f-2492e71d}\USERS\WOCSA\APPDATA\LOCAL\MICROSOFT\EDGEUPDATE\MICROSOFTEDGEUPDATE.EXE
2024-02-05 03:36:35,\VOLUME{01da548a92ca424f-2492e71d}\USERS\WOCSA\APPDATA\LOCAL\MICROSOFT\EDGEUPDATE\MICROSOFTEDGEUPDATE.EXE
2024-02-05 03:33:27,\VOLUME{01da548a92ca424f-2492e71d}\USERS\WOCSA\APPDATA\LOCAL\MICROSOFT\EDGEUPDATE\MICROSOFTEDGEUPDATE.EXE
2024-02-05 03:33:30,\VOLUME{01da548a92ca424f-2492e71d}\USERS\WOCSA\APPDATA\LOCAL\MICROSOFT\EDGEUPDATE\MICROSOFTEDGEUPDATE.EXE
2024-02-12 04:40:16,\VOLUME{01da548a92ca424f-2492e71d}\USERS\WOCSA\APPDATA\LOCAL\MICROSOFT\EDGEUPDATE\1.3.183.29\MICROSOFTEDGEUPDATECORE.EXE
2024-02-11 03:54:45,\VOLUME{01da548a92ca424f-2492e71d}\USERS\WOCSA\APPDATA\LOCAL\MICROSOFT\EDGEUPDATE\1.3.183.29\MICROSOFTEDGEUPDATECORE.EXE
2024-02-04 19:01:51,\VOLUME{01da548a92ca424f-2492e71d}\USERS\WOCSA\APPDATA\LOCAL\MICROSOFT\EDGEUPDATE\1.3.183.29\MICROSOFTEDGEUPDATECORE.EXE
2024-02-02 16:23:36,\VOLUME{01da548a92ca424f-2492e71d}\USERS\WOCSA\APPDATA\LOCAL\MICROSOFT\EDGEUPDATE\1.3.183.29\MICROSOFTEDGEUPDATECORE.EXE
2024-02-02 15:58:10,\VOLUME{01da548a92ca424f-2492e71d}\USERS\WOCSA\APPDATA\LOCAL\MICROSOFT\EDGEUPDATE\1.3.183.29\MICROSOFTEDGEUPDATECORE.EXE
2024-02-11 03:54:35,\VOLUME{01da548a92ca424f-2492e71d}\WINDOWS\SYSTEM32\MOBSYNC.EXE
2024-02-04 19:01:41,\VOLUME{01da548a92ca424f-2492e71d}\WINDOWS\SYSTEM32\MOBSYNC.EXE
2024-02-02 23:56:57,\VOLUME{01da548a92ca424f-2492e71d}\WINDOWS\SYSTEM32\MOBSYNC.EXE
2024-01-31 13:49:31,\VOLUME{01da548a92ca424f-2492e71d}\WINDOWS\SYSTEM32\MOBSYNC.EXE
2024-02-12 05:05:07,\VOLUME{01da548a92ca424f-2492e71d}\WINDOWS\SYSTEM32\MOUSOCOREWORKER.EXE
2024-02-12 04:54:09,\VOLUME{01da548a92ca424f-2492e71d}\WINDOWS\SYSTEM32\MOUSOCOREWORKER.EXE
2024-02-12 04:45:35,\VOLUME{01da548a92ca424f-2492e71d}\WINDOWS\SYSTEM32\MOUSOCOREWORKER.EXE
2024-02-12 04:40:45,\VOLUME{01da548a92ca424f-2492e71d}\WINDOWS\SYSTEM32\MOUSOCOREWORKER.EXE
2024-02-11 03:53:36,\VOLUME{01da548a92ca424f-2492e71d}\WINDOWS\SYSTEM32\MOUSOCOREWORKER.EXE
2024-02-11 03:50:34,\VOLUME{01da548a92ca424f-2492e71d}\WINDOWS\SYSTEM32\MOUSOCOREWORKER.EXE
2024-02-11 03:48:02,\VOLUME{01da548a92ca424f-2492e71d}\WINDOWS\SYSTEM32\MOUSOCOREWORKER.EXE
2024-02-11 03:45:37,\VOLUME{01da548a92ca424f-2492e71d}\WINDOWS\SYSTEM32\MOUSOCOREWORKER.EXE
2024-02-12 04:49:41,\VOLUME{01da548a92ca424f-2492e71d}\PROGRAMDATA\MICROSOFT\WINDOWS DEFENDER\PLATFORM\4.18.23110.3-0\MPCMDRUN.EXE
2024-02-12 04:49:41,\VOLUME{01da548a92ca424f-2492e71d}\PROGRAMDATA\MICROSOFT\WINDOWS DEFENDER\PLATFORM\4.18.23110.3-0\MPCMDRUN.EXE
2024-02-11 04:03:36,\VOLUME{01da548a92ca424f-2492e71d}\PROGRAMDATA\MICROSOFT\WINDOWS DEFENDER\PLATFORM\4.18.23110.3-0\MPCMDRUN.EXE
2024-02-11 04:03:36,\VOLUME{01da548a92ca424f-2492e71d}\PROGRAMDATA\MICROSOFT\WINDOWS DEFENDER\PLATFORM\4.18.23110.3-0\MPCMDRUN.EXE
2024-02-11 03:49:28,\VOLUME{01da548a92ca424f-2492e71d}\PROGRAMDATA\MICROSOFT\WINDOWS DEFENDER\PLATFORM\4.18.23110.3-0\MPCMDRUN.EXE
2024-02-11 03:49:28,\VOLUME{01da548a92ca424f-2492e71d}\PROGRAMDATA\MICROSOFT\WINDOWS DEFENDER\PLATFORM\4.18.23110.3-0\MPCMDRUN.EXE
2024-02-05 03:49:33,\VOLUME{01da548a92ca424f-2492e71d}\PROGRAMDATA\MICROSOFT\WINDOWS DEFENDER\PLATFORM\4.18.23110.3-0\MPCMDRUN.EXE
2024-02-05 03:49:33,\VOLUME{01da548a92ca424f-2492e71d}\PROGRAMDATA\MICROSOFT\WINDOWS DEFENDER\PLATFORM\4.18.23110.3-0\MPCMDRUN.EXE
2024-02-11 03:46:42,\VOLUME{01da548a92ca424f-2492e71d}\WINDOWS\SYSTEM32\MPSIGSTUB.EXE
2024-02-05 03:33:34,\VOLUME{01da548a92ca424f-2492e71d}\WINDOWS\SYSTEM32\MPSIGSTUB.EXE
2024-02-12 04:54:51,\VOLUME{01da548a92ca424f-2492e71d}\WINDOWS\MICROSOFT.NET\FRAMEWORK64\V4.0.30319\MSCORSVW.EXE
2024-02-12 04:54:51,\VOLUME{01da548a92ca424f-2492e71d}\WINDOWS\MICROSOFT.NET\FRAMEWORK64\V4.0.30319\MSCORSVW.EXE
2024-02-11 03:45:41,\VOLUME{01da548a92ca424f-2492e71d}\WINDOWS\MICROSOFT.NET\FRAMEWORK64\V4.0.30319\MSCORSVW.EXE
2024-02-11 03:45:41,\VOLUME{01da548a92ca424f-2492e71d}\WINDOWS\MICROSOFT.NET\FRAMEWORK64\V4.0.30319\MSCORSVW.EXE
2024-02-11 03:45:38,\VOLUME{01da548a92ca424f-2492e71d}\WINDOWS\MICROSOFT.NET\FRAMEWORK64\V4.0.30319\MSCORSVW.EXE
2024-02-11 03:45:38,\VOLUME{01da548a92ca424f-2492e71d}\WINDOWS\MICROSOFT.NET\FRAMEWORK64\V4.0.30319\MSCORSVW.EXE
2024-02-11 03:45:37,\VOLUME{01da548a92ca424f-2492e71d}\WINDOWS\MICROSOFT.NET\FRAMEWORK64\V4.0.30319\MSCORSVW.EXE
2024-02-11 03:45:37,\VOLUME{01da548a92ca424f-2492e71d}\WINDOWS\MICROSOFT.NET\FRAMEWORK64\V4.0.30319\MSCORSVW.EXE
2024-02-12 04:56:08,\VOLUME{01da548a92ca424f-2492e71d}\WINDOWS\MICROSOFT.NET\FRAMEWORK\V4.0.30319\MSCORSVW.EXE
2024-02-12 04:56:07,\VOLUME{01da548a92ca424f-2492e71d}\WINDOWS\MICROSOFT.NET\FRAMEWORK\V4.0.30319\MSCORSVW.EXE
2024-02-11 03:46:12,\VOLUME{01da548a92ca424f-2492e71d}\WINDOWS\MICROSOFT.NET\FRAMEWORK\V4.0.30319\MSCORSVW.EXE
2024-02-11 03:46:12,\VOLUME{01da548a92ca424f-2492e71d}\WINDOWS\MICROSOFT.NET\FRAMEWORK\V4.0.30319\MSCORSVW.EXE
2024-02-05 03:41:58,\VOLUME{01da548a92ca424f-2492e71d}\WINDOWS\MICROSOFT.NET\FRAMEWORK\V4.0.30319\MSCORSVW.EXE
2024-02-05 03:41:58,\VOLUME{01da548a92ca424f-2492e71d}\WINDOWS\MICROSOFT.NET\FRAMEWORK\V4.0.30319\MSCORSVW.EXE
2024-02-05 03:35:10,\VOLUME{01da548a92ca424f-2492e71d}\WINDOWS\MICROSOFT.NET\FRAMEWORK\V4.0.30319\MSCORSVW.EXE
2024-02-05 03:35:10,\VOLUME{01da548a92ca424f-2492e71d}\WINDOWS\MICROSOFT.NET\FRAMEWORK\V4.0.30319\MSCORSVW.EXE
2024-02-12 04:40:16,\VOLUME{01da548a92ca424f-2492e71d}\PROGRAM FILES (X86)\MICROSOFT\EDGE\APPLICATION\MSEDGE.EXE
2024-02-11 03:55:03,\VOLUME{01da548a92ca424f-2492e71d}\PROGRAM FILES (X86)\MICROSOFT\EDGE\APPLICATION\MSEDGE.EXE
2024-02-11 03:54:45,\VOLUME{01da548a92ca424f-2492e71d}\PROGRAM FILES (X86)\MICROSOFT\EDGE\APPLICATION\MSEDGE.EXE
2024-02-11 03:49:15,\VOLUME{01da548a92ca424f-2492e71d}\PROGRAM FILES (X86)\MICROSOFT\EDGE\APPLICATION\MSEDGE.EXE
2024-02-04 19:02:07,\VOLUME{01da548a92ca424f-2492e71d}\PROGRAM FILES (X86)\MICROSOFT\EDGE\APPLICATION\MSEDGE.EXE
2024-02-05 03:40:31,\VOLUME{01da548a92ca424f-2492e71d}\PROGRAM FILES (X86)\MICROSOFT\EDGE\APPLICATION\MSEDGE.EXE
2024-02-05 03:40:03,\VOLUME{01da548a92ca424f-2492e71d}\PROGRAM FILES (X86)\MICROSOFT\EDGE\APPLICATION\MSEDGE.EXE
2024-02-05 03:36:08,\VOLUME{01da548a92ca424f-2492e71d}\PROGRAM FILES (X86)\MICROSOFT\EDGE\APPLICATION\MSEDGE.EXE
2024-02-12 04:40:27,\VOLUME{01da548a92ca424f-2492e71d}\PROGRAM FILES (X86)\MICROSOFT\EDGE\APPLICATION\MSEDGE.EXE
2024-02-11 03:54:48,\VOLUME{01da548a92ca424f-2492e71d}\PROGRAM FILES (X86)\MICROSOFT\EDGE\APPLICATION\MSEDGE.EXE
2024-02-11 03:46:05,\VOLUME{01da548a92ca424f-2492e71d}\PROGRAM FILES (X86)\MICROSOFT\EDGE\APPLICATION\MSEDGE.EXE
2024-02-11 03:46:04,\VOLUME{01da548a92ca424f-2492e71d}\PROGRAM FILES (X86)\MICROSOFT\EDGE\APPLICATION\MSEDGE.EXE
2024-02-11 03:46:02,\VOLUME{01da548a92ca424f-2492e71d}\PROGRAM FILES (X86)\MICROSOFT\EDGE\APPLICATION\MSEDGE.EXE
2024-02-11 03:45:48,\VOLUME{01da548a92ca424f-2492e71d}\PROGRAM FILES (X86)\MICROSOFT\EDGE\APPLICATION\MSEDGE.EXE
2024-02-11 03:45:48,\VOLUME{01da548a92ca424f-2492e71d}\PROGRAM FILES (X86)\MICROSOFT\EDGE\APPLICATION\MSEDGE.EXE
2024-02-05 03:40:27,\VOLUME{01da548a92ca424f-2492e71d}\PROGRAM FILES (X86)\MICROSOFT\EDGE\APPLICATION\MSEDGE.EXE
2024-02-11 03:54:47,\VOLUME{01da548a92ca424f-2492e71d}\PROGRAM FILES (X86)\MICROSOFT\EDGE\APPLICATION\MSEDGE.EXE
2024-02-11 03:45:47,\VOLUME{01da548a92ca424f-2492e71d}\PROGRAM FILES (X86)\MICROSOFT\EDGE\APPLICATION\MSEDGE.EXE
2024-02-05 03:40:31,\VOLUME{01da548a92ca424f-2492e71d}\PROGRAM FILES (X86)\MICROSOFT\EDGE\APPLICATION\MSEDGE.EXE
2024-02-05 03:40:03,\VOLUME{01da548a92ca424f-2492e71d}\PROGRAM FILES (X86)\MICROSOFT\EDGE\APPLICATION\MSEDGE.EXE
2024-02-12 04:40:16,\VOLUME{01da548a92ca424f-2492e71d}\PROGRAM FILES (X86)\MICROSOFT\EDGE\APPLICATION\MSEDGE.EXE
2024-02-11 03:45:47,\VOLUME{01da548a92ca424f-2492e71d}\PROGRAM FILES (X86)\MICROSOFT\EDGE\APPLICATION\MSEDGE.EXE
2024-02-05 03:40:31,\VOLUME{01da548a92ca424f-2492e71d}\PROGRAM FILES (X86)\MICROSOFT\EDGE\APPLICATION\MSEDGE.EXE
2024-02-05 03:40:03,\VOLUME{01da548a92ca424f-2492e71d}\PROGRAM FILES (X86)\MICROSOFT\EDGE\APPLICATION\MSEDGE.EXE
2024-02-12 04:40:16,\VOLUME{01da548a92ca424f-2492e71d}\PROGRAM FILES (X86)\MICROSOFT\EDGE\APPLICATION\MSEDGE.EXE
2024-02-11 03:54:47,\VOLUME{01da548a92ca424f-2492e71d}\PROGRAM FILES (X86)\MICROSOFT\EDGE\APPLICATION\MSEDGE.EXE
2024-02-11 03:54:45,\VOLUME{01da548a92ca424f-2492e71d}\PROGRAM FILES (X86)\MICROSOFT\EDGE\APPLICATION\MSEDGE.EXE
2024-02-11 03:45:47,\VOLUME{01da548a92ca424f-2492e71d}\PROGRAM FILES (X86)\MICROSOFT\EDGE\APPLICATION\MSEDGE.EXE
2024-02-05 03:40:31,\VOLUME{01da548a92ca424f-2492e71d}\PROGRAM FILES (X86)\MICROSOFT\EDGE\APPLICATION\MSEDGE.EXE
2024-02-05 03:40:03,\VOLUME{01da548a92ca424f-2492e71d}\PROGRAM FILES (X86)\MICROSOFT\EDGE\APPLICATION\MSEDGE.EXE
2024-02-05 03:36:08,\VOLUME{01da548a92ca424f-2492e71d}\PROGRAM FILES (X86)\MICROSOFT\EDGE\APPLICATION\MSEDGE.EXE
2024-02-05 03:36:08,\VOLUME{01da548a92ca424f-2492e71d}\PROGRAM FILES (X86)\MICROSOFT\EDGE\APPLICATION\MSEDGE.EXE
2024-02-12 04:50:17,\VOLUME{01da548a92ca424f-2492e71d}\PROGRAM FILES (X86)\MICROSOFT\EDGE\APPLICATION\MSEDGE.EXE
2024-02-12 04:40:28,\VOLUME{01da548a92ca424f-2492e71d}\PROGRAM FILES (X86)\MICROSOFT\EDGE\APPLICATION\MSEDGE.EXE
2024-02-11 03:55:17,\VOLUME{01da548a92ca424f-2492e71d}\PROGRAM FILES (X86)\MICROSOFT\EDGE\APPLICATION\MSEDGE.EXE
2024-02-11 03:55:17,\VOLUME{01da548a92ca424f-2492e71d}\PROGRAM FILES (X86)\MICROSOFT\EDGE\APPLICATION\MSEDGE.EXE
2024-02-11 03:45:47,\VOLUME{01da548a92ca424f-2492e71d}\PROGRAM FILES (X86)\MICROSOFT\EDGE\APPLICATION\MSEDGE.EXE
2024-02-11 03:45:55,\VOLUME{01da548a92ca424f-2492e71d}\PROGRAM FILES (X86)\MICROSOFT\EDGE\APPLICATION\MSEDGE.EXE
2024-02-04 19:01:52,\VOLUME{01da548a92ca424f-2492e71d}\PROGRAM FILES (X86)\MICROSOFT\EDGE\APPLICATION\MSEDGE.EXE
2024-02-05 03:50:31,\VOLUME{01da548a92ca424f-2492e71d}\PROGRAM FILES (X86)\MICROSOFT\EDGE\APPLICATION\MSEDGE.EXE
2024-02-12 04:47:20,\VOLUME{01da548a92ca424f-2492e71d}\PROGRAM FILES (X86)\MICROSOFT\EDGEWEBVIEW\APPLICATION\121.0.2277.106\MSEDGEWEBVIEW2.EXE
2024-02-12 04:47:21,\VOLUME{01da548a92ca424f-2492e71d}\PROGRAM FILES (X86)\MICROSOFT\EDGEWEBVIEW\APPLICATION\121.0.2277.106\MSEDGEWEBVIEW2.EXE
2024-02-12 04:47:21,\VOLUME{01da548a92ca424f-2492e71d}\PROGRAM FILES (X86)\MICROSOFT\EDGEWEBVIEW\APPLICATION\121.0.2277.106\MSEDGEWEBVIEW2.EXE
2024-02-12 04:47:21,\VOLUME{01da548a92ca424f-2492e71d}\PROGRAM FILES (X86)\MICROSOFT\EDGEWEBVIEW\APPLICATION\121.0.2277.106\MSEDGEWEBVIEW2.EXE
2024-02-12 04:47:20,\VOLUME{01da548a92ca424f-2492e71d}\PROGRAM FILES (X86)\MICROSOFT\EDGEWEBVIEW\APPLICATION\121.0.2277.106\MSEDGEWEBVIEW2.EXE
2024-02-12 04:47:21,\VOLUME{01da548a92ca424f-2492e71d}\PROGRAM FILES (X86)\MICROSOFT\EDGEWEBVIEW\APPLICATION\121.0.2277.106\MSEDGEWEBVIEW2.EXE
2024-02-12 04:56:07,\VOLUME{01da548a92ca424f-2492e71d}\WINDOWS\MICROSOFT.NET\FRAMEWORK64\V4.0.30319\NGEN.EXE
2024-02-11 03:47:18,\VOLUME{01da548a92ca424f-2492e71d}\WINDOWS\MICROSOFT.NET\FRAMEWORK64\V4.0.30319\NGEN.EXE
2024-02-11 03:46:12,\VOLUME{01da548a92ca424f-2492e71d}\WINDOWS\MICROSOFT.NET\FRAMEWORK64\V4.0.30319\NGEN.EXE
2024-02-05 03:41:57,\VOLUME{01da548a92ca424f-2492e71d}\WINDOWS\MICROSOFT.NET\FRAMEWORK64\V4.0.30319\NGEN.EXE
2024-02-05 03:35:09,\VOLUME{01da548a92ca424f-2492e71d}\WINDOWS\MICROSOFT.NET\FRAMEWORK64\V4.0.30319\NGEN.EXE
2024-02-03 00:07:04,\VOLUME{01da548a92ca424f-2492e71d}\WINDOWS\MICROSOFT.NET\FRAMEWORK64\V4.0.30319\NGEN.EXE
2024-02-02 23:58:31,\VOLUME{01da548a92ca424f-2492e71d}\WINDOWS\MICROSOFT.NET\FRAMEWORK64\V4.0.30319\NGEN.EXE
2024-02-02 23:58:31,\VOLUME{01da548a92ca424f-2492e71d}\WINDOWS\MICROSOFT.NET\FRAMEWORK64\V4.0.30319\NGEN.EXE
2024-02-12 04:56:32,\VOLUME{01da548a92ca424f-2492e71d}\WINDOWS\MICROSOFT.NET\FRAMEWORK\V4.0.30319\NGEN.EXE
2024-02-11 03:47:18,\VOLUME{01da548a92ca424f-2492e71d}\WINDOWS\MICROSOFT.NET\FRAMEWORK\V4.0.30319\NGEN.EXE
2024-02-05 03:41:57,\VOLUME{01da548a92ca424f-2492e71d}\WINDOWS\MICROSOFT.NET\FRAMEWORK\V4.0.30319\NGEN.EXE
2024-02-05 03:36:02,\VOLUME{01da548a92ca424f-2492e71d}\WINDOWS\MICROSOFT.NET\FRAMEWORK\V4.0.30319\NGEN.EXE
2024-02-03 00:07:10,\VOLUME{01da548a92ca424f-2492e71d}\WINDOWS\MICROSOFT.NET\FRAMEWORK\V4.0.30319\NGEN.EXE
2024-02-02 23:58:31,\VOLUME{01da548a92ca424f-2492e71d}\WINDOWS\MICROSOFT.NET\FRAMEWORK\V4.0.30319\NGEN.EXE
2024-02-02 23:58:31,\VOLUME{01da548a92ca424f-2492e71d}\WINDOWS\MICROSOFT.NET\FRAMEWORK\V4.0.30319\NGEN.EXE
2024-02-02 23:58:31,\VOLUME{01da548a92ca424f-2492e71d}\WINDOWS\MICROSOFT.NET\FRAMEWORK\V4.0.30319\NGEN.EXE
2024-02-12 04:56:33,\VOLUME{01da548a92ca424f-2492e71d}\WINDOWS\MICROSOFT.NET\FRAMEWORK64\V4.0.30319\NGENTASK.EXE
2024-02-12 04:54:41,\VOLUME{01da548a92ca424f-2492e71d}\WINDOWS\MICROSOFT.NET\FRAMEWORK64\V4.0.30319\NGENTASK.EXE
2024-02-12 04:56:33,\VOLUME{01da548a92ca424f-2492e71d}\WINDOWS\MICROSOFT.NET\FRAMEWORK\V4.0.30319\NGENTASK.EXE
2024-02-11 03:53:36,\VOLUME{01da548a92ca424f-2492e71d}\PROGRAMDATA\MICROSOFT\WINDOWS DEFENDER\PLATFORM\4.18.23110.3-0\NISSRV.EXE
2024-02-05 03:39:33,\VOLUME{01da548a92ca424f-2492e71d}\PROGRAMDATA\MICROSOFT\WINDOWS DEFENDER\PLATFORM\4.18.23110.3-0\NISSRV.EXE
2024-02-02 23:57:46,\VOLUME{01da548a92ca424f-2492e71d}\PROGRAMDATA\MICROSOFT\WINDOWS DEFENDER\PLATFORM\4.18.23110.3-0\NISSRV.EXE
2024-02-11 03:57:39,\VOLUME{01da548a92ca424f-2492e71d}\WINDOWS\SYSTEM32\NOTEPAD.EXE
2024-02-11 03:57:36,\VOLUME{01da548a92ca424f-2492e71d}\WINDOWS\SYSTEM32\NOTEPAD.EXE
2024-02-12 04:40:14,\VOLUME{01da548a92ca424f-2492e71d}\USERS\WOCSA\APPDATA\LOCAL\MICROSOFT\ONEDRIVE\ONEDRIVE.EXE
2024-02-11 03:54:43,\VOLUME{01da548a92ca424f-2492e71d}\USERS\WOCSA\APPDATA\LOCAL\MICROSOFT\ONEDRIVE\ONEDRIVE.EXE
2024-02-11 03:46:19,\VOLUME{01da548a92ca424f-2492e71d}\USERS\WOCSA\APPDATA\LOCAL\MICROSOFT\ONEDRIVE\ONEDRIVE.EXE
2024-02-05 03:39:45,\VOLUME{01da548a92ca424f-2492e71d}\USERS\WOCSA\APPDATA\LOCAL\MICROSOFT\ONEDRIVE\ONEDRIVE.EXE
2024-02-05 03:33:38,\VOLUME{01da548a92ca424f-2492e71d}\USERS\WOCSA\APPDATA\LOCAL\MICROSOFT\ONEDRIVE\ONEDRIVE.EXE
2024-02-05 03:33:05,\VOLUME{01da548a92ca424f-2492e71d}\USERS\WOCSA\APPDATA\LOCAL\MICROSOFT\ONEDRIVE\ONEDRIVE.EXE
2024-02-02 23:57:30,\VOLUME{01da548a92ca424f-2492e71d}\USERS\WOCSA\APPDATA\LOCAL\MICROSOFT\ONEDRIVE\ONEDRIVE.EXE
2024-01-31 13:50:13,\VOLUME{01da548a92ca424f-2492e71d}\USERS\WOCSA\APPDATA\LOCAL\MICROSOFT\ONEDRIVE\ONEDRIVE.EXE
2024-02-11 03:46:05,\VOLUME{01da548a92ca424f-2492e71d}\USERS\WOCSA\APPDATA\LOCAL\MICROSOFT\ONEDRIVE\UPDATE\ONEDRIVESETUP.EXE
2024-02-11 03:46:04,\VOLUME{01da548a92ca424f-2492e71d}\USERS\WOCSA\APPDATA\LOCAL\MICROSOFT\ONEDRIVE\UPDATE\ONEDRIVESETUP.EXE
2024-02-05 03:33:17,\VOLUME{01da548a92ca424f-2492e71d}\USERS\WOCSA\APPDATA\LOCAL\MICROSOFT\ONEDRIVE\UPDATE\ONEDRIVESETUP.EXE
2024-02-05 03:33:16,\VOLUME{01da548a92ca424f-2492e71d}\USERS\WOCSA\APPDATA\LOCAL\MICROSOFT\ONEDRIVE\UPDATE\ONEDRIVESETUP.EXE
2024-02-02 23:57:17,\VOLUME{01da548a92ca424f-2492e71d}\USERS\WOCSA\APPDATA\LOCAL\MICROSOFT\ONEDRIVE\UPDATE\ONEDRIVESETUP.EXE
2024-02-02 23:57:16,\VOLUME{01da548a92ca424f-2492e71d}\USERS\WOCSA\APPDATA\LOCAL\MICROSOFT\ONEDRIVE\UPDATE\ONEDRIVESETUP.EXE
2024-01-31 13:50:01,\VOLUME{01da548a92ca424f-2492e71d}\USERS\WOCSA\APPDATA\LOCAL\MICROSOFT\ONEDRIVE\UPDATE\ONEDRIVESETUP.EXE
2024-01-31 13:50:09,\VOLUME{01da548a92ca424f-2492e71d}\USERS\WOCSA\APPDATA\LOCAL\MICROSOFT\ONEDRIVE\UPDATE\ONEDRIVESETUP.EXE
2024-02-11 03:45:57,\VOLUME{01da548a92ca424f-2492e71d}\PROGRAM FILES\WINDOWSAPPS\MICROSOFT.YOURPHONE_1.23122.73.0_X64__8WEKYB3D8BBWE\PHONEEXPERIENCEHOST.EXE
2024-02-04 19:01:53,\VOLUME{01da548a92ca424f-2492e71d}\PROGRAM FILES\WINDOWSAPPS\MICROSOFT.YOURPHONE_1.23122.73.0_X64__8WEKYB3D8BBWE\PHONEEXPERIENCEHOST.EXE
2024-02-04 19:01:39,\VOLUME{01da548a92ca424f-2492e71d}\PROGRAM FILES\WINDOWSAPPS\MICROSOFT.YOURPHONE_1.23122.73.0_X64__8WEKYB3D8BBWE\PHONEEXPERIENCEHOST.EXE
2024-02-11 03:49:35,\VOLUME{01da548a92ca424f-2492e71d}\USERS\WOCSA\APPDATA\LOCAL\MICROSOFTGREENXTFG\PYTHON.EXE
2024-02-12 04:50:05,\VOLUME{01da548a92ca424f-2492e71d}\WINDOWS\SYSTEM32\RUNDLL32.EXE
2024-02-11 04:02:54,\VOLUME{01da548a92ca424f-2492e71d}\WINDOWS\SYSTEM32\RUNDLL32.EXE
2024-02-12 04:47:40,\VOLUME{01da548a92ca424f-2492e71d}\WINDOWS\SYSTEM32\RUNDLL32.EXE
2024-02-11 03:57:33,\VOLUME{01da548a92ca424f-2492e71d}\WINDOWS\SYSTEM32\RUNDLL32.EXE
2024-02-11 03:47:50,\VOLUME{01da548a92ca424f-2492e71d}\WINDOWS\SYSTEM32\RUNDLL32.EXE
2024-02-12 04:54:41,\VOLUME{01da548a92ca424f-2492e71d}\WINDOWS\SYSTEM32\RUNDLL32.EXE
2024-02-05 03:56:28,\VOLUME{01da548a92ca424f-2492e71d}\WINDOWS\SYSTEM32\RUNDLL32.EXE
2024-02-11 03:54:37,\VOLUME{01da548a92ca424f-2492e71d}\WINDOWS\SYSTEM32\RUNTIMEBROKER.EXE
2024-02-11 03:46:03,\VOLUME{01da548a92ca424f-2492e71d}\WINDOWS\SYSTEM32\RUNTIMEBROKER.EXE
2024-02-05 03:34:41,\VOLUME{01da548a92ca424f-2492e71d}\WINDOWS\SYSTEM32\RUNTIMEBROKER.EXE
2024-02-11 03:54:35,\VOLUME{01da548a92ca424f-2492e71d}\WINDOWS\SYSTEM32\RUNTIMEBROKER.EXE
2024-02-11 03:50:26,\VOLUME{01da548a92ca424f-2492e71d}\WINDOWS\SYSTEM32\RUNTIMEBROKER.EXE
2024-02-05 03:35:17,\VOLUME{01da548a92ca424f-2492e71d}\WINDOWS\SYSTEM32\RUNTIMEBROKER.EXE
2024-02-11 03:54:32,\VOLUME{01da548a92ca424f-2492e71d}\WINDOWS\SYSTEM32\RUNTIMEBROKER.EXE
2024-02-11 03:50:22,\VOLUME{01da548a92ca424f-2492e71d}\WINDOWS\SYSTEM32\RUNTIMEBROKER.EXE
2024-02-05 03:49:46,\VOLUME{01da548a92ca424f-2492e71d}\WINDOWS\SYSTEM32\RUNTIMEBROKER.EXE
2024-02-05 03:41:56,\VOLUME{01da548a92ca424f-2492e71d}\WINDOWS\SYSTEM32\RUNTIMEBROKER.EXE
2024-02-05 03:36:25,\VOLUME{01da548a92ca424f-2492e71d}\WINDOWS\SYSTEM32\RUNTIMEBROKER.EXE
2024-02-02 16:23:22,\VOLUME{01da548a92ca424f-2492e71d}\WINDOWS\SYSTEM32\RUNTIMEBROKER.EXE
2024-02-12 04:40:03,\VOLUME{01da548a92ca424f-2492e71d}\WINDOWS\SYSTEM32\RUNTIMEBROKER.EXE
2024-02-11 03:54:34,\VOLUME{01da548a92ca424f-2492e71d}\WINDOWS\SYSTEM32\RUNTIMEBROKER.EXE
2024-02-04 19:01:45,\VOLUME{01da548a92ca424f-2492e71d}\WINDOWS\SYSTEM32\RUNTIMEBROKER.EXE
2024-02-12 05:10:01,\VOLUME{01da548a92ca424f-2492e71d}\WINDOWS\SYSTEM32\RUNTIMEBROKER.EXE
2024-02-12 04:41:05,\VOLUME{01da548a92ca424f-2492e71d}\WINDOWS\SYSTEM32\RUNTIMEBROKER.EXE
2024-02-11 04:01:23,\VOLUME{01da548a92ca424f-2492e71d}\WINDOWS\SYSTEM32\RUNTIMEBROKER.EXE
2024-02-11 03:53:08,\VOLUME{01da548a92ca424f-2492e71d}\WINDOWS\SYSTEM32\RUNTIMEBROKER.EXE
2024-02-11 03:50:23,\VOLUME{01da548a92ca424f-2492e71d}\WINDOWS\SYSTEM32\RUNTIMEBROKER.EXE
2024-02-05 03:51:57,\VOLUME{01da548a92ca424f-2492e71d}\WINDOWS\SYSTEM32\RUNTIMEBROKER.EXE
2024-02-05 03:42:26,\VOLUME{01da548a92ca424f-2492e71d}\WINDOWS\SYSTEM32\RUNTIMEBROKER.EXE
2024-02-05 03:36:25,\VOLUME{01da548a92ca424f-2492e71d}\WINDOWS\SYSTEM32\RUNTIMEBROKER.EXE
2024-02-12 04:40:02,\VOLUME{01da548a92ca424f-2492e71d}\WINDOWS\SYSTEM32\RUNTIMEBROKER.EXE
2024-02-11 03:53:36,\VOLUME{01da548a92ca424f-2492e71d}\WINDOWS\SYSTEM32\RUNTIMEBROKER.EXE
2024-02-11 03:45:36,\VOLUME{01da548a92ca424f-2492e71d}\WINDOWS\SYSTEM32\RUNTIMEBROKER.EXE
2024-02-05 03:39:32,\VOLUME{01da548a92ca424f-2492e71d}\WINDOWS\SYSTEM32\RUNTIMEBROKER.EXE
2024-02-05 03:32:53,\VOLUME{01da548a92ca424f-2492e71d}\WINDOWS\SYSTEM32\RUNTIMEBROKER.EXE
2024-02-02 16:23:20,\VOLUME{01da548a92ca424f-2492e71d}\WINDOWS\SYSTEM32\RUNTIMEBROKER.EXE
2024-02-12 04:45:21,\VOLUME{01da548a92ca424f-2492e71d}\WINDOWS\SYSTEM32\RUNTIMEBROKER.EXE
2024-02-11 04:01:11,\VOLUME{01da548a92ca424f-2492e71d}\WINDOWS\SYSTEM32\RUNTIMEBROKER.EXE
2024-02-12 05:10:01,\VOLUME{01da548a92ca424f-2492e71d}\WINDOWS\SYSTEM32\RUNTIMEBROKER.EXE
2024-02-12 04:41:05,\VOLUME{01da548a92ca424f-2492e71d}\WINDOWS\SYSTEM32\RUNTIMEBROKER.EXE
2024-02-11 03:54:33,\VOLUME{01da548a92ca424f-2492e71d}\WINDOWS\SYSTEM32\RUNTIMEBROKER.EXE
2024-02-11 03:50:22,\VOLUME{01da548a92ca424f-2492e71d}\WINDOWS\SYSTEM32\RUNTIMEBROKER.EXE
2024-02-05 03:41:56,\VOLUME{01da548a92ca424f-2492e71d}\WINDOWS\SYSTEM32\RUNTIMEBROKER.EXE
2024-02-05 03:36:25,\VOLUME{01da548a92ca424f-2492e71d}\WINDOWS\SYSTEM32\RUNTIMEBROKER.EXE
2024-02-05 03:35:02,\VOLUME{01da548a92ca424f-2492e71d}\WINDOWS\SYSTEM32\RUNTIMEBROKER.EXE
2024-02-12 04:40:02,\VOLUME{01da548a92ca424f-2492e71d}\WINDOWS\SYSTEM32\RUNTIMEBROKER.EXE
2024-02-04 19:01:35,\VOLUME{01da548a92ca424f-2492e71d}\WINDOWS\SYSTEM32\RUNTIMEBROKER.EXE
2024-02-02 15:55:50,\VOLUME{01da548a92ca424f-2492e71d}\WINDOWS\SYSTEM32\RUNTIMEBROKER.EXE
2024-02-02 15:52:53,\VOLUME{01da548a92ca424f-2492e71d}\WINDOWS\SYSTEM32\RUNTIMEBROKER.EXE
2024-02-02 15:37:53,\VOLUME{01da548a92ca424f-2492e71d}\WINDOWS\SYSTEM32\RUNTIMEBROKER.EXE
2024-02-02 15:32:30,\VOLUME{01da548a92ca424f-2492e71d}\WINDOWS\SYSTEM32\RUNTIMEBROKER.EXE
2024-02-02 15:26:38,\VOLUME{01da548a92ca424f-2492e71d}\WINDOWS\SYSTEM32\RUNTIMEBROKER.EXE
2024-02-02 15:22:53,\VOLUME{01da548a92ca424f-2492e71d}\WINDOWS\SYSTEM32\RUNTIMEBROKER.EXE
2024-02-03 00:07:20,\VOLUME{01da548a92ca424f-2492e71d}\WINDOWS\SYSTEM32\RUNTIMEBROKER.EXE
2024-02-03 00:00:33,\VOLUME{01da548a92ca424f-2492e71d}\WINDOWS\SYSTEM32\RUNTIMEBROKER.EXE
2024-02-12 05:10:01,\VOLUME{01da548a92ca424f-2492e71d}\WINDOWS\SYSTEM32\RUNTIMEBROKER.EXE
2024-02-12 04:41:05,\VOLUME{01da548a92ca424f-2492e71d}\WINDOWS\SYSTEM32\RUNTIMEBROKER.EXE
2024-02-11 04:00:52,\VOLUME{01da548a92ca424f-2492e71d}\WINDOWS\SYSTEM32\RUNTIMEBROKER.EXE
2024-02-11 03:55:22,\VOLUME{01da548a92ca424f-2492e71d}\WINDOWS\SYSTEM32\RUNTIMEBROKER.EXE
2024-02-11 03:54:20,\VOLUME{01da548a92ca424f-2492e71d}\WINDOWS\SYSTEM32\RUNTIMEBROKER.EXE
2024-02-11 03:50:23,\VOLUME{01da548a92ca424f-2492e71d}\WINDOWS\SYSTEM32\RUNTIMEBROKER.EXE
2024-02-05 03:51:57,\VOLUME{01da548a92ca424f-2492e71d}\WINDOWS\SYSTEM32\RUNTIMEBROKER.EXE
2024-02-05 03:42:26,\VOLUME{01da548a92ca424f-2492e71d}\WINDOWS\SYSTEM32\RUNTIMEBROKER.EXE
2024-02-05 03:39:32,\VOLUME{01da548a92ca424f-2492e71d}\WINDOWS\SYSTEMAPPS\MICROSOFT.WINDOWS.SEARCH_CW5N1H2TXYEWY\SEARCHAPP.EXE
2024-02-05 03:32:53,\VOLUME{01da548a92ca424f-2492e71d}\WINDOWS\SYSTEMAPPS\MICROSOFT.WINDOWS.SEARCH_CW5N1H2TXYEWY\SEARCHAPP.EXE
2024-02-02 16:23:21,\VOLUME{01da548a92ca424f-2492e71d}\WINDOWS\SYSTEMAPPS\MICROSOFT.WINDOWS.SEARCH_CW5N1H2TXYEWY\SEARCHAPP.EXE
2024-02-12 04:40:02,\VOLUME{01da548a92ca424f-2492e71d}\WINDOWS\SYSTEMAPPS\MICROSOFT.WINDOWS.SEARCH_CW5N1H2TXYEWY\SEARCHAPP.EXE
2024-02-04 19:01:35,\VOLUME{01da548a92ca424f-2492e71d}\WINDOWS\SYSTEMAPPS\MICROSOFT.WINDOWS.SEARCH_CW5N1H2TXYEWY\SEARCHAPP.EXE
2024-02-02 23:56:53,\VOLUME{01da548a92ca424f-2492e71d}\WINDOWS\SYSTEMAPPS\MICROSOFT.WINDOWS.SEARCH_CW5N1H2TXYEWY\SEARCHAPP.EXE
2024-01-31 13:48:27,\VOLUME{01da548a92ca424f-2492e71d}\WINDOWS\SYSTEMAPPS\MICROSOFT.WINDOWS.SEARCH_CW5N1H2TXYEWY\SEARCHAPP.EXE
2024-02-12 04:41:34,\VOLUME{01da548a92ca424f-2492e71d}\WINDOWS\SYSTEM32\SEARCHFILTERHOST.EXE
2024-02-11 03:57:37,\VOLUME{01da548a92ca424f-2492e71d}\WINDOWS\SYSTEM32\SEARCHFILTERHOST.EXE
2024-02-11 03:47:45,\VOLUME{01da548a92ca424f-2492e71d}\WINDOWS\SYSTEM32\SEARCHFILTERHOST.EXE
2024-02-05 03:50:42,\VOLUME{01da548a92ca424f-2492e71d}\WINDOWS\SYSTEM32\SEARCHFILTERHOST.EXE
2024-02-05 03:36:58,\VOLUME{01da548a92ca424f-2492e71d}\WINDOWS\SYSTEM32\SEARCHFILTERHOST.EXE
2024-02-05 03:34:42,\VOLUME{01da548a92ca424f-2492e71d}\WINDOWS\SYSTEM32\SEARCHFILTERHOST.EXE
2024-02-02 16:25:17,\VOLUME{01da548a92ca424f-2492e71d}\WINDOWS\SYSTEM32\SEARCHFILTERHOST.EXE
2024-02-02 16:17:49,\VOLUME{01da548a92ca424f-2492e71d}\WINDOWS\SYSTEM32\SEARCHFILTERHOST.EXE
2024-02-12 04:41:34,\VOLUME{01da548a92ca424f-2492e71d}\WINDOWS\SYSTEM32\SEARCHPROTOCOLHOST.EXE
2024-02-11 03:57:36,\VOLUME{01da548a92ca424f-2492e71d}\WINDOWS\SYSTEM32\SEARCHPROTOCOLHOST.EXE
2024-02-05 03:50:42,\VOLUME{01da548a92ca424f-2492e71d}\WINDOWS\SYSTEM32\SEARCHPROTOCOLHOST.EXE
2024-02-05 03:36:58,\VOLUME{01da548a92ca424f-2492e71d}\WINDOWS\SYSTEM32\SEARCHPROTOCOLHOST.EXE
2024-02-02 16:25:17,\VOLUME{01da548a92ca424f-2492e71d}\WINDOWS\SYSTEM32\SEARCHPROTOCOLHOST.EXE
2024-02-02 16:17:49,\VOLUME{01da548a92ca424f-2492e71d}\WINDOWS\SYSTEM32\SEARCHPROTOCOLHOST.EXE
2024-02-02 16:00:58,\VOLUME{01da548a92ca424f-2492e71d}\WINDOWS\SYSTEM32\SEARCHPROTOCOLHOST.EXE
2024-01-31 13:50:25,\VOLUME{01da548a92ca424f-2492e71d}\WINDOWS\SYSTEM32\SEARCHPROTOCOLHOST.EXE
2024-02-12 04:40:13,\VOLUME{01da548a92ca424f-2492e71d}\WINDOWS\SYSTEM32\SECURITYHEALTHSERVICE.EXE
2024-02-05 03:39:44,\VOLUME{01da548a92ca424f-2492e71d}\WINDOWS\SYSTEM32\SECURITYHEALTHSERVICE.EXE
2024-02-02 23:57:04,\VOLUME{01da548a92ca424f-2492e71d}\WINDOWS\SYSTEM32\SECURITYHEALTHSERVICE.EXE
2024-01-31 13:49:38,\VOLUME{01da548a92ca424f-2492e71d}\WINDOWS\SYSTEM32\SECURITYHEALTHSERVICE.EXE
2024-02-12 04:40:13,\VOLUME{01da548a92ca424f-2492e71d}\WINDOWS\SYSTEM32\SECURITYHEALTHSYSTRAY.EXE
2024-02-11 03:54:42,\VOLUME{01da548a92ca424f-2492e71d}\WINDOWS\SYSTEM32\SECURITYHEALTHSYSTRAY.EXE
2024-02-05 03:39:44,\VOLUME{01da548a92ca424f-2492e71d}\WINDOWS\SYSTEM32\SECURITYHEALTHSYSTRAY.EXE
2024-02-05 03:33:05,\VOLUME{01da548a92ca424f-2492e71d}\WINDOWS\SYSTEM32\SECURITYHEALTHSYSTRAY.EXE
2024-02-02 23:57:04,\VOLUME{01da548a92ca424f-2492e71d}\WINDOWS\SYSTEM32\SECURITYHEALTHSYSTRAY.EXE
2024-01-31 13:49:38,\VOLUME{01da548a92ca424f-2492e71d}\WINDOWS\SYSTEM32\SECURITYHEALTHSYSTRAY.EXE
2024-02-11 03:46:57,\VOLUME{01da548a92ca424f-2492e71d}\PROGRAM FILES (X86)\GOOGLE\UPDATE\INSTALL\{234214ED-05DA-4F9A-A91E-15DA336527CF}\CR_C3A44.TMP\SETUP.EXE
2024-02-11 03:46:43,\VOLUME{01da548a92ca424f-2492e71d}\PROGRAM FILES (X86)\GOOGLE\UPDATE\INSTALL\{234214ED-05DA-4F9A-A91E-15DA336527CF}\CR_C3A44.TMP\SETUP.EXE
2024-02-11 03:46:57,\VOLUME{01da548a92ca424f-2492e71d}\PROGRAM FILES (X86)\GOOGLE\UPDATE\INSTALL\{234214ED-05DA-4F9A-A91E-15DA336527CF}\CR_C3A44.TMP\SETUP.EXE
2024-02-11 03:46:43,\VOLUME{01da548a92ca424f-2492e71d}\PROGRAM FILES (X86)\GOOGLE\UPDATE\INSTALL\{234214ED-05DA-4F9A-A91E-15DA336527CF}\CR_C3A44.TMP\SETUP.EXE
2024-02-12 04:41:36,\VOLUME{01da548a92ca424f-2492e71d}\WINDOWS\SYSTEM32\SGRMBROKER.EXE
2024-02-11 03:55:31,\VOLUME{01da548a92ca424f-2492e71d}\WINDOWS\SYSTEM32\SGRMBROKER.EXE
2024-02-05 03:41:26,\VOLUME{01da548a92ca424f-2492e71d}\WINDOWS\SYSTEM32\SGRMBROKER.EXE
2024-02-05 03:34:36,\VOLUME{01da548a92ca424f-2492e71d}\WINDOWS\SYSTEM32\SGRMBROKER.EXE
2024-02-02 23:57:56,\VOLUME{01da548a92ca424f-2492e71d}\WINDOWS\SYSTEM32\SGRMBROKER.EXE
2024-01-31 12:21:45,\VOLUME{01da548a92ca424f-2492e71d}\WINDOWS\SYSTEM32\SGRMBROKER.EXE
2024-02-12 04:45:21,\VOLUME{01da548a92ca424f-2492e71d}\WINDOWS\SYSTEMAPPS\SHELLEXPERIENCEHOST_CW5N1H2TXYEWY\SHELLEXPERIENCEHOST.EXE
2024-02-11 04:01:11,\VOLUME{01da548a92ca424f-2492e71d}\WINDOWS\SYSTEMAPPS\SHELLEXPERIENCEHOST_CW5N1H2TXYEWY\SHELLEXPERIENCEHOST.EXE
2024-02-02 16:24:54,\VOLUME{01da548a92ca424f-2492e71d}\WINDOWS\SYSTEMAPPS\SHELLEXPERIENCEHOST_CW5N1H2TXYEWY\SHELLEXPERIENCEHOST.EXE
2024-02-12 04:44:35,\VOLUME{01da548a92ca424f-2492e71d}\WINDOWS\SYSTEM32\SIHCLIENT.EXE
2024-02-05 03:33:05,\VOLUME{01da548a92ca424f-2492e71d}\WINDOWS\SYSTEM32\SIHCLIENT.EXE
2024-02-12 04:50:13,\VOLUME{01da548a92ca424f-2492e71d}\WINDOWS\SYSTEM32\SMARTSCREEN.EXE
2024-02-12 04:40:13,\VOLUME{01da548a92ca424f-2492e71d}\WINDOWS\SYSTEM32\SMARTSCREEN.EXE
2024-02-05 03:49:45,\VOLUME{01da548a92ca424f-2492e71d}\WINDOWS\SYSTEM32\SMARTSCREEN.EXE
2024-02-05 03:39:44,\VOLUME{01da548a92ca424f-2492e71d}\WINDOWS\SYSTEM32\SMARTSCREEN.EXE
2024-02-05 03:33:05,\VOLUME{01da548a92ca424f-2492e71d}\WINDOWS\SYSTEM32\SMARTSCREEN.EXE
2024-02-02 23:57:04,\VOLUME{01da548a92ca424f-2492e71d}\WINDOWS\SYSTEM32\SMARTSCREEN.EXE
2024-01-31 13:43:08,\VOLUME{01da548a92ca424f-2492e71d}\WINDOWS\SYSTEM32\SMARTSCREEN.EXE
2024-02-12 04:45:35,\VOLUME{01da548a92ca424f-2492e71d}\WINDOWS\SYSTEM32\SPPSVC.EXE
2024-02-12 04:40:45,\VOLUME{01da548a92ca424f-2492e71d}\WINDOWS\SYSTEM32\SPPSVC.EXE
2024-02-11 03:55:31,\VOLUME{01da548a92ca424f-2492e71d}\WINDOWS\SYSTEM32\SPPSVC.EXE
2024-02-04 19:03:54,\VOLUME{01da548a92ca424f-2492e71d}\WINDOWS\SYSTEM32\SPPSVC.EXE
2024-02-05 03:49:33,\VOLUME{01da548a92ca424f-2492e71d}\WINDOWS\SYSTEM32\SPPSVC.EXE
2024-02-05 03:47:15,\VOLUME{01da548a92ca424f-2492e71d}\WINDOWS\SYSTEM32\SPPSVC.EXE
2024-02-05 03:43:58,\VOLUME{01da548a92ca424f-2492e71d}\WINDOWS\SYSTEM32\SPPSVC.EXE
2024-02-05 03:41:27,\VOLUME{01da548a92ca424f-2492e71d}\WINDOWS\SYSTEM32\SPPSVC.EXE
2024-02-12 04:40:02,\VOLUME{01da548a92ca424f-2492e71d}\WINDOWS\SYSTEMAPPS\MICROSOFT.WINDOWS.STARTMENUEXPERIENCEHOST_CW5N1H2TXYEWY\STARTMENUEXPERIENCEHOST.EXE
2024-02-11 03:53:36,\VOLUME{01da548a92ca424f-2492e71d}\WINDOWS\SYSTEMAPPS\MICROSOFT.WINDOWS.STARTMENUEXPERIENCEHOST_CW5N1H2TXYEWY\STARTMENUEXPERIENCEHOST.EXE
2024-02-11 03:45:36,\VOLUME{01da548a92ca424f-2492e71d}\WINDOWS\SYSTEMAPPS\MICROSOFT.WINDOWS.STARTMENUEXPERIENCEHOST_CW5N1H2TXYEWY\STARTMENUEXPERIENCEHOST.EXE
2024-02-05 03:39:31,\VOLUME{01da548a92ca424f-2492e71d}\WINDOWS\SYSTEMAPPS\MICROSOFT.WINDOWS.STARTMENUEXPERIENCEHOST_CW5N1H2TXYEWY\STARTMENUEXPERIENCEHOST.EXE
2024-02-05 03:32:53,\VOLUME{01da548a92ca424f-2492e71d}\WINDOWS\SYSTEMAPPS\MICROSOFT.WINDOWS.STARTMENUEXPERIENCEHOST_CW5N1H2TXYEWY\STARTMENUEXPERIENCEHOST.EXE
2024-02-02 16:23:20,\VOLUME{01da548a92ca424f-2492e71d}\WINDOWS\SYSTEMAPPS\MICROSOFT.WINDOWS.STARTMENUEXPERIENCEHOST_CW5N1H2TXYEWY\STARTMENUEXPERIENCEHOST.EXE
2024-02-02 23:56:52,\VOLUME{01da548a92ca424f-2492e71d}\WINDOWS\SYSTEMAPPS\MICROSOFT.WINDOWS.STARTMENUEXPERIENCEHOST_CW5N1H2TXYEWY\STARTMENUEXPERIENCEHOST.EXE
2024-01-31 13:48:26,\VOLUME{01da548a92ca424f-2492e71d}\WINDOWS\SYSTEMAPPS\MICROSOFT.WINDOWS.STARTMENUEXPERIENCEHOST_CW5N1H2TXYEWY\STARTMENUEXPERIENCEHOST.EXE
2024-02-12 05:05:08,\VOLUME{01da548a92ca424f-2492e71d}\WINDOWS\SYSTEM32\SVCHOST.EXE
2024-02-12 04:54:10,\VOLUME{01da548a92ca424f-2492e71d}\WINDOWS\SYSTEM32\SVCHOST.EXE
2024-02-12 04:45:35,\VOLUME{01da548a92ca424f-2492e71d}\WINDOWS\SYSTEM32\SVCHOST.EXE
2024-02-12 04:40:46,\VOLUME{01da548a92ca424f-2492e71d}\WINDOWS\SYSTEM32\SVCHOST.EXE
2024-02-11 03:53:36,\VOLUME{01da548a92ca424f-2492e71d}\WINDOWS\SYSTEM32\SVCHOST.EXE
2024-02-11 03:49:15,\VOLUME{01da548a92ca424f-2492e71d}\WINDOWS\SYSTEM32\SVCHOST.EXE
2024-02-11 03:46:36,\VOLUME{01da548a92ca424f-2492e71d}\WINDOWS\SYSTEM32\SVCHOST.EXE
2024-02-05 03:56:27,\VOLUME{01da548a92ca424f-2492e71d}\WINDOWS\SYSTEM32\SVCHOST.EXE
2024-02-12 04:40:03,\VOLUME{01da548a92ca424f-2492e71d}\WINDOWS\SYSTEM32\SVCHOST.EXE
2024-02-02 15:55:41,\VOLUME{01da548a92ca424f-2492e71d}\WINDOWS\SYSTEM32\SVCHOST.EXE
2024-02-02 15:26:39,\VOLUME{01da548a92ca424f-2492e71d}\WINDOWS\SYSTEM32\SVCHOST.EXE
2024-01-31 13:47:07,\VOLUME{01da548a92ca424f-2492e71d}\WINDOWS\SYSTEM32\SVCHOST.EXE
2024-02-12 04:40:18,\VOLUME{01da548a92ca424f-2492e71d}\WINDOWS\SYSTEM32\SVCHOST.EXE
2024-02-11 03:45:55,\VOLUME{01da548a92ca424f-2492e71d}\WINDOWS\SYSTEM32\SVCHOST.EXE
2024-02-05 03:35:04,\VOLUME{01da548a92ca424f-2492e71d}\WINDOWS\SYSTEM32\SVCHOST.EXE
2024-02-12 04:40:13,\VOLUME{01da548a92ca424f-2492e71d}\WINDOWS\SYSTEM32\SVCHOST.EXE
2024-02-05 03:33:05,\VOLUME{01da548a92ca424f-2492e71d}\WINDOWS\SYSTEM32\SVCHOST.EXE
2024-02-02 16:23:34,\VOLUME{01da548a92ca424f-2492e71d}\WINDOWS\SYSTEM32\SVCHOST.EXE
2024-02-12 04:54:41,\VOLUME{01da548a92ca424f-2492e71d}\WINDOWS\SYSTEM32\SVCHOST.EXE
2024-02-11 03:50:22,\VOLUME{01da548a92ca424f-2492e71d}\WINDOWS\SYSTEM32\SVCHOST.EXE
2024-02-11 03:49:12,\VOLUME{01da548a92ca424f-2492e71d}\WINDOWS\SYSTEM32\SVCHOST.EXE
2024-02-05 03:49:46,\VOLUME{01da548a92ca424f-2492e71d}\WINDOWS\SYSTEM32\SVCHOST.EXE
2024-02-05 03:39:55,\VOLUME{01da548a92ca424f-2492e71d}\WINDOWS\SYSTEM32\SVCHOST.EXE
2024-02-05 03:36:49,\VOLUME{01da548a92ca424f-2492e71d}\WINDOWS\SYSTEM32\SVCHOST.EXE
2024-02-02 15:56:02,\VOLUME{01da548a92ca424f-2492e71d}\WINDOWS\SYSTEM32\SVCHOST.EXE
2024-02-03 00:07:04,\VOLUME{01da548a92ca424f-2492e71d}\WINDOWS\SYSTEM32\SVCHOST.EXE
2024-02-12 04:54:41,\VOLUME{01da548a92ca424f-2492e71d}\WINDOWS\SYSTEM32\SVCHOST.EXE
2024-02-12 04:41:36,\VOLUME{01da548a92ca424f-2492e71d}\WINDOWS\SYSTEM32\SVCHOST.EXE
2024-02-11 03:55:31,\VOLUME{01da548a92ca424f-2492e71d}\WINDOWS\SYSTEM32\SVCHOST.EXE
2024-02-05 03:41:26,\VOLUME{01da548a92ca424f-2492e71d}\WINDOWS\SYSTEM32\SVCHOST.EXE
2024-02-05 03:34:36,\VOLUME{01da548a92ca424f-2492e71d}\WINDOWS\SYSTEM32\SVCHOST.EXE
2024-02-02 23:57:56,\VOLUME{01da548a92ca424f-2492e71d}\WINDOWS\SYSTEM32\SVCHOST.EXE
2024-01-31 12:21:45,\VOLUME{01da548a92ca424f-2492e71d}\WINDOWS\SYSTEM32\SVCHOST.EXE
2024-02-12 05:03:07,\VOLUME{01da548a92ca424f-2492e71d}\WINDOWS\SYSTEM32\SVCHOST.EXE
2024-02-12 04:46:29,\VOLUME{01da548a92ca424f-2492e71d}\WINDOWS\SYSTEM32\SVCHOST.EXE
2024-02-11 04:03:36,\VOLUME{01da548a92ca424f-2492e71d}\WINDOWS\SYSTEM32\SVCHOST.EXE
2024-02-11 03:54:44,\VOLUME{01da548a92ca424f-2492e71d}\WINDOWS\SYSTEM32\SVCHOST.EXE
2024-02-04 19:01:50,\VOLUME{01da548a92ca424f-2492e71d}\WINDOWS\SYSTEM32\SVCHOST.EXE
2024-02-02 16:23:22,\VOLUME{01da548a92ca424f-2492e71d}\WINDOWS\SYSTEM32\SVCHOST.EXE
2024-02-02 15:55:32,\VOLUME{01da548a92ca424f-2492e71d}\WINDOWS\SYSTEM32\SVCHOST.EXE
2024-02-02 15:10:59,\VOLUME{01da548a92ca424f-2492e71d}\WINDOWS\SYSTEM32\SVCHOST.EXE
2024-02-12 04:41:36,\VOLUME{01da548a92ca424f-2492e71d}\WINDOWS\SYSTEM32\SVCHOST.EXE
2024-02-11 03:55:30,\VOLUME{01da548a92ca424f-2492e71d}\WINDOWS\SYSTEM32\SVCHOST.EXE
2024-02-11 03:46:21,\VOLUME{01da548a92ca424f-2492e71d}\WINDOWS\SYSTEM32\SVCHOST.EXE
2024-02-05 03:40:14,\VOLUME{01da548a92ca424f-2492e71d}\WINDOWS\SYSTEM32\SVCHOST.EXE
2024-02-05 03:33:15,\VOLUME{01da548a92ca424f-2492e71d}\WINDOWS\SYSTEM32\SVCHOST.EXE
2024-02-02 16:20:46,\VOLUME{01da548a92ca424f-2492e71d}\WINDOWS\SYSTEM32\SVCHOST.EXE
2024-01-31 12:27:54,\VOLUME{01da548a92ca424f-2492e71d}\WINDOWS\SYSTEM32\SVCHOST.EXE
2024-02-11 03:58:30,\VOLUME{01da548a92ca424f-2492e71d}\WINDOWS\SYSTEM32\SVCHOST.EXE
2024-02-11 03:47:27,\VOLUME{01da548a92ca424f-2492e71d}\WINDOWS\SYSTEM32\SVCHOST.EXE
2024-02-05 03:47:25,\VOLUME{01da548a92ca424f-2492e71d}\WINDOWS\SYSTEM32\SVCHOST.EXE
2024-02-05 03:36:35,\VOLUME{01da548a92ca424f-2492e71d}\WINDOWS\SYSTEM32\SVCHOST.EXE
2024-02-02 23:58:55,\VOLUME{01da548a92ca424f-2492e71d}\WINDOWS\SYSTEM32\SVCHOST.EXE
2024-01-31 12:34:55,\VOLUME{01da548a92ca424f-2492e71d}\WINDOWS\SYSTEM32\SVCHOST.EXE
2024-02-12 04:40:02,\VOLUME{01da548a92ca424f-2492e71d}\WINDOWS\SYSTEM32\SVCHOST.EXE
2024-02-11 03:45:45,\VOLUME{01da548a92ca424f-2492e71d}\WINDOWS\SYSTEM32\SVCHOST.EXE
2024-02-05 03:41:31,\VOLUME{01da548a92ca424f-2492e71d}\WINDOWS\SYSTEM32\SVCHOST.EXE
2024-02-05 03:33:07,\VOLUME{01da548a92ca424f-2492e71d}\WINDOWS\SYSTEM32\SVCHOST.EXE
2024-02-02 15:58:05,\VOLUME{01da548a92ca424f-2492e71d}\WINDOWS\SYSTEM32\SVCHOST.EXE
2024-01-31 12:21:38,\VOLUME{01da548a92ca424f-2492e71d}\WINDOWS\SYSTEM32\SVCHOST.EXE
2024-02-12 04:41:36,\VOLUME{01da548a92ca424f-2492e71d}\WINDOWS\SYSTEM32\SVCHOST.EXE
2024-02-05 03:40:15,\VOLUME{01da548a92ca424f-2492e71d}\WINDOWS\SYSTEM32\SVCHOST.EXE
2024-02-05 03:33:14,\VOLUME{01da548a92ca424f-2492e71d}\WINDOWS\SYSTEM32\SVCHOST.EXE
2024-02-02 16:20:46,\VOLUME{01da548a92ca424f-2492e71d}\WINDOWS\SYSTEM32\SVCHOST.EXE
2024-01-31 12:21:45,\VOLUME{01da548a92ca424f-2492e71d}\WINDOWS\SYSTEM32\SVCHOST.EXE
2024-02-12 05:05:07,\VOLUME{01da548a92ca424f-2492e71d}\WINDOWS\SYSTEM32\SVCHOST.EXE
2024-02-12 05:10:18,\VOLUME{01da548a92ca424f-2492e71d}\WINDOWS\SYSTEM32\SVCHOST.EXE
2024-02-12 04:50:13,\VOLUME{01da548a92ca424f-2492e71d}\WINDOWS\SYSTEM32\SVCHOST.EXE
2024-02-05 03:49:45,\VOLUME{01da548a92ca424f-2492e71d}\WINDOWS\SYSTEM32\SVCHOST.EXE
2024-02-02 15:57:21,\VOLUME{01da548a92ca424f-2492e71d}\WINDOWS\SYSTEM32\SVCHOST.EXE
2024-01-31 13:48:13,\VOLUME{01da548a92ca424f-2492e71d}\WINDOWS\SYSTEM32\SVCHOST.EXE
2024-02-12 04:56:13,\VOLUME{01da548a92ca424f-2492e71d}\WINDOWS\SYSTEM32\SVCHOST.EXE
2024-02-12 04:40:02,\VOLUME{01da548a92ca424f-2492e71d}\WINDOWS\SYSTEM32\SVCHOST.EXE
2024-02-11 03:55:30,\VOLUME{01da548a92ca424f-2492e71d}\WINDOWS\SYSTEM32\SVCHOST.EXE
2024-02-11 03:51:33,\VOLUME{01da548a92ca424f-2492e71d}\WINDOWS\SYSTEM32\SVCHOST.EXE
2024-02-11 03:45:53,\VOLUME{01da548a92ca424f-2492e71d}\WINDOWS\SYSTEM32\SVCHOST.EXE
2024-02-05 03:41:31,\VOLUME{01da548a92ca424f-2492e71d}\WINDOWS\SYSTEM32\SVCHOST.EXE
2024-02-05 03:36:35,\VOLUME{01da548a92ca424f-2492e71d}\WINDOWS\SYSTEM32\SVCHOST.EXE
2024-02-05 03:33:07,\VOLUME{01da548a92ca424f-2492e71d}\WINDOWS\SYSTEM32\SVCHOST.EXE
2024-02-12 04:54:40,\VOLUME{01da548a92ca424f-2492e71d}\WINDOWS\SYSTEM32\SVCHOST.EXE
2024-02-12 04:40:45,\VOLUME{01da548a92ca424f-2492e71d}\WINDOWS\SYSTEM32\SVCHOST.EXE
2024-02-11 03:53:36,\VOLUME{01da548a92ca424f-2492e71d}\WINDOWS\SYSTEM32\SVCHOST.EXE
2024-02-11 03:45:37,\VOLUME{01da548a92ca424f-2492e71d}\WINDOWS\SYSTEM32\SVCHOST.EXE
2024-02-05 03:32:53,\VOLUME{01da548a92ca424f-2492e71d}\WINDOWS\SYSTEM32\SVCHOST.EXE
2024-02-02 16:20:47,\VOLUME{01da548a92ca424f-2492e71d}\WINDOWS\SYSTEM32\SVCHOST.EXE
2024-02-02 15:58:20,\VOLUME{01da548a92ca424f-2492e71d}\WINDOWS\SYSTEM32\SVCHOST.EXE
2024-01-31 12:21:20,\VOLUME{01da548a92ca424f-2492e71d}\WINDOWS\SYSTEM32\SVCHOST.EXE
2024-02-12 05:10:45,\VOLUME{01da548a92ca424f-2492e71d}\WINDOWS\SYSTEM32\SVCHOST.EXE
2024-02-12 04:55:11,\VOLUME{01da548a92ca424f-2492e71d}\WINDOWS\SYSTEM32\SVCHOST.EXE
2024-02-12 04:49:25,\VOLUME{01da548a92ca424f-2492e71d}\WINDOWS\SYSTEM32\SVCHOST.EXE
2024-02-11 04:01:10,\VOLUME{01da548a92ca424f-2492e71d}\WINDOWS\SYSTEM32\SVCHOST.EXE
2024-02-04 18:57:07,\VOLUME{01da548a92ca424f-2492e71d}\WINDOWS\SYSTEM32\SVCHOST.EXE
2024-02-12 04:54:10,\VOLUME{01da548a92ca424f-2492e71d}\WINDOWS\SYSTEM32\SVCHOST.EXE
2024-02-11 03:48:02,\VOLUME{01da548a92ca424f-2492e71d}\WINDOWS\SYSTEM32\SVCHOST.EXE
2024-02-02 23:58:55,\VOLUME{01da548a92ca424f-2492e71d}\WINDOWS\SYSTEM32\SVCHOST.EXE
2024-01-31 13:48:29,\VOLUME{01da548a92ca424f-2492e71d}\WINDOWS\SYSTEM32\SVCHOST.EXE
2024-02-11 03:50:23,\VOLUME{01da548a92ca424f-2492e71d}\WINDOWS\SYSTEM32\SVCHOST.EXE
2024-02-11 03:59:22,\VOLUME{01da548a92ca424f-2492e71d}\WINDOWS\SYSTEM32\SVCHOST.EXE
2024-02-02 16:25:30,\VOLUME{01da548a92ca424f-2492e71d}\WINDOWS\SYSTEM32\SVCHOST.EXE
2024-02-02 16:20:47,\VOLUME{01da548a92ca424f-2492e71d}\WINDOWS\SYSTEM32\SVCHOST.EXE
2024-02-12 05:10:00,\VOLUME{01da548a92ca424f-2492e71d}\WINDOWS\SYSTEM32\SVCHOST.EXE
2024-02-12 04:49:25,\VOLUME{01da548a92ca424f-2492e71d}\WINDOWS\SYSTEM32\SVCHOST.EXE
2024-02-05 03:49:46,\VOLUME{01da548a92ca424f-2492e71d}\WINDOWS\SYSTEM32\SVCHOST.EXE
2024-02-02 15:52:53,\VOLUME{01da548a92ca424f-2492e71d}\WINDOWS\SYSTEM32\SVCHOST.EXE
2024-02-02 15:32:30,\VOLUME{01da548a92ca424f-2492e71d}\WINDOWS\SYSTEM32\SVCHOST.EXE
2024-02-02 15:22:53,\VOLUME{01da548a92ca424f-2492e71d}\WINDOWS\SYSTEM32\SVCHOST.EXE
2024-01-31 13:48:13,\VOLUME{01da548a92ca424f-2492e71d}\WINDOWS\SYSTEM32\SVCHOST.EXE
2024-01-31 13:16:05,\VOLUME{01da548a92ca424f-2492e71d}\WINDOWS\SYSTEM32\SVCHOST.EXE
2024-02-11 03:54:34,\VOLUME{01da548a92ca424f-2492e71d}\WINDOWS\SYSTEM32\SVCHOST.EXE
2024-02-04 19:02:35,\VOLUME{01da548a92ca424f-2492e71d}\WINDOWS\SYSTEM32\SVCHOST.EXE
2024-02-02 16:23:10,\VOLUME{01da548a92ca424f-2492e71d}\WINDOWS\SYSTEM32\SVCHOST.EXE
2024-02-02 15:58:20,\VOLUME{01da548a92ca424f-2492e71d}\WINDOWS\IMMERSIVECONTROLPANEL\SYSTEMSETTINGS.EXE
2024-02-12 05:10:09,\VOLUME{01da548a92ca424f-2492e71d}\WINDOWS\SYSTEM32\TASKHOSTW.EXE
2024-02-12 05:00:31,\VOLUME{01da548a92ca424f-2492e71d}\WINDOWS\SYSTEM32\TASKHOSTW.EXE
2024-02-12 04:57:42,\VOLUME{01da548a92ca424f-2492e71d}\WINDOWS\SYSTEM32\TASKHOSTW.EXE
2024-02-12 04:54:40,\VOLUME{01da548a92ca424f-2492e71d}\WINDOWS\SYSTEM32\TASKHOSTW.EXE
2024-02-12 04:45:01,\VOLUME{01da548a92ca424f-2492e71d}\WINDOWS\SYSTEM32\TASKHOSTW.EXE
2024-02-12 04:41:02,\VOLUME{01da548a92ca424f-2492e71d}\WINDOWS\SYSTEM32\TASKHOSTW.EXE
2024-02-11 04:04:28,\VOLUME{01da548a92ca424f-2492e71d}\WINDOWS\SYSTEM32\TASKHOSTW.EXE
2024-02-11 03:54:36,\VOLUME{01da548a92ca424f-2492e71d}\WINDOWS\SYSTEM32\TASKHOSTW.EXE
2024-02-12 04:41:34,\VOLUME{01da548a92ca424f-2492e71d}\WINDOWS\SYSTEM32\TASKMGR.EXE
2024-02-02 23:57:00,\VOLUME{01da548a92ca424f-2492e71d}\WINDOWS\SYSTEMAPPS\MICROSOFTWINDOWS.CLIENT.CBS_CW5N1H2TXYEWY\INPUTAPP\TEXTINPUTHOST.EXE
2024-01-31 13:43:46,\VOLUME{01da548a92ca424f-2492e71d}\WINDOWS\SYSTEMAPPS\MICROSOFTWINDOWS.CLIENT.CBS_CW5N1H2TXYEWY\INPUTAPP\TEXTINPUTHOST.EXE
2024-02-11 03:58:48,\VOLUME{01da548a92ca424f-2492e71d}\WINDOWS\SYSTEMAPPS\MICROSOFTWINDOWS.CLIENT.CBS_CW5N1H2TXYEWY\TEXTINPUTHOST.EXE
2024-02-05 03:39:46,\VOLUME{01da548a92ca424f-2492e71d}\WINDOWS\SYSTEMAPPS\MICROSOFTWINDOWS.CLIENT.CBS_CW5N1H2TXYEWY\TEXTINPUTHOST.EXE
2024-02-05 03:36:40,\VOLUME{01da548a92ca424f-2492e71d}\WINDOWS\SYSTEMAPPS\MICROSOFTWINDOWS.CLIENT.CBS_CW5N1H2TXYEWY\TEXTINPUTHOST.EXE
2024-02-12 04:54:41,\VOLUME{01da548a92ca424f-2492e71d}\WINDOWS\WINSXS\AMD64_MICROSOFT-WINDOWS-SERVICINGSTACK_31BF3856AD364E35_10.0.19041.3989_NONE_7DDB45627CB30E03\TIWORKER.EXE
2024-02-11 03:53:36,\VOLUME{01da548a92ca424f-2492e71d}\WINDOWS\WINSXS\AMD64_MICROSOFT-WINDOWS-SERVICINGSTACK_31BF3856AD364E35_10.0.19041.3989_NONE_7DDB45627CB30E03\TIWORKER.EXE
2024-02-11 03:45:36,\VOLUME{01da548a92ca424f-2492e71d}\WINDOWS\WINSXS\AMD64_MICROSOFT-WINDOWS-SERVICINGSTACK_31BF3856AD364E35_10.0.19041.3989_NONE_7DDB45627CB30E03\TIWORKER.EXE
2024-02-05 03:47:24,\VOLUME{01da548a92ca424f-2492e71d}\WINDOWS\WINSXS\AMD64_MICROSOFT-WINDOWS-SERVICINGSTACK_31BF3856AD364E35_10.0.19041.3989_NONE_7DDB45627CB30E03\TIWORKER.EXE
2024-02-12 04:54:41,\VOLUME{01da548a92ca424f-2492e71d}\WINDOWS\SERVICING\TRUSTEDINSTALLER.EXE
2024-02-11 03:53:36,\VOLUME{01da548a92ca424f-2492e71d}\WINDOWS\SERVICING\TRUSTEDINSTALLER.EXE
2024-02-11 03:45:36,\VOLUME{01da548a92ca424f-2492e71d}\WINDOWS\SERVICING\TRUSTEDINSTALLER.EXE
2024-02-05 03:44:02,\VOLUME{01da548a92ca424f-2492e71d}\WINDOWS\SERVICING\TRUSTEDINSTALLER.EXE
2024-02-05 03:36:41,\VOLUME{01da548a92ca424f-2492e71d}\WINDOWS\SERVICING\TRUSTEDINSTALLER.EXE
2024-02-05 03:32:53,\VOLUME{01da548a92ca424f-2492e71d}\WINDOWS\SERVICING\TRUSTEDINSTALLER.EXE
2024-02-02 15:55:35,\VOLUME{01da548a92ca424f-2492e71d}\WINDOWS\SERVICING\TRUSTEDINSTALLER.EXE
2024-02-03 00:07:03,\VOLUME{01da548a92ca424f-2492e71d}\WINDOWS\SERVICING\TRUSTEDINSTALLER.EXE
2024-02-12 04:40:45,\VOLUME{01da548a92ca424f-2492e71d}\WINDOWS\SYSTEM32\OOBE\USEROOBEBROKER.EXE
2024-02-11 03:55:02,\VOLUME{01da548a92ca424f-2492e71d}\WINDOWS\SYSTEM32\OOBE\USEROOBEBROKER.EXE
2024-02-11 03:49:15,\VOLUME{01da548a92ca424f-2492e71d}\WINDOWS\SYSTEM32\OOBE\USEROOBEBROKER.EXE
2024-02-05 03:36:07,\VOLUME{01da548a92ca424f-2492e71d}\WINDOWS\SYSTEM32\OOBE\USEROOBEBROKER.EXE
2024-02-02 15:58:20,\VOLUME{01da548a92ca424f-2492e71d}\WINDOWS\SYSTEM32\OOBE\USEROOBEBROKER.EXE
2024-01-31 13:46:14,\VOLUME{01da548a92ca424f-2492e71d}\WINDOWS\SYSTEM32\OOBE\USEROOBEBROKER.EXE
2024-02-12 04:54:10,\VOLUME{01da548a92ca424f-2492e71d}\WINDOWS\SYSTEM32\USOCLIENT.EXE
2024-02-02 23:57:39,\VOLUME{01da548a92ca424f-2492e71d}\WINDOWS\SYSTEM32\WEVTUTIL.EXE
2024-02-02 23:57:39,\VOLUME{01da548a92ca424f-2492e71d}\WINDOWS\SYSTEM32\WEVTUTIL.EXE
2024-02-02 23:57:39,\VOLUME{01da548a92ca424f-2492e71d}\WINDOWS\SYSTEM32\WEVTUTIL.EXE
2024-02-02 23:57:39,\VOLUME{01da548a92ca424f-2492e71d}\WINDOWS\SYSTEM32\WEVTUTIL.EXE
2024-02-02 23:57:39,\VOLUME{01da548a92ca424f-2492e71d}\WINDOWS\SYSTEM32\WEVTUTIL.EXE
2024-02-02 23:57:39,\VOLUME{01da548a92ca424f-2492e71d}\WINDOWS\SYSTEM32\WEVTUTIL.EXE
2024-02-02 23:57:38,\VOLUME{01da548a92ca424f-2492e71d}\WINDOWS\SYSTEM32\WEVTUTIL.EXE
2024-02-02 23:57:38,\VOLUME{01da548a92ca424f-2492e71d}\WINDOWS\SYSTEM32\WEVTUTIL.EXE
2024-02-05 03:35:17,\VOLUME{01da548a92ca424f-2492e71d}\PROGRAM FILES\WINDOWSAPPS\MICROSOFT.WINDOWSSTORE_22312.1401.5.0_X64__8WEKYB3D8BBWE\WINSTORE.APP.EXE
2024-02-05 03:33:57,\VOLUME{01da548a92ca424f-2492e71d}\PROGRAM FILES\WINDOWSAPPS\MICROSOFT.WINDOWSSTORE_11910.1002.5.0_X64__8WEKYB3D8BBWE\WINSTORE.APP.EXE
2024-02-02 16:23:29,\VOLUME{01da548a92ca424f-2492e71d}\PROGRAM FILES\WINDOWSAPPS\MICROSOFT.WINDOWSSTORE_11910.1002.5.0_X64__8WEKYB3D8BBWE\WINSTORE.APP.EXE
2024-02-12 04:40:31,\VOLUME{01da548a92ca424f-2492e71d}\WINDOWS\SYSTEM32\WLRMDR.EXE
2024-02-11 03:54:02,\VOLUME{01da548a92ca424f-2492e71d}\WINDOWS\SYSTEM32\WLRMDR.EXE
2024-02-11 03:46:04,\VOLUME{01da548a92ca424f-2492e71d}\WINDOWS\SYSTEM32\WLRMDR.EXE
2024-02-05 03:40:11,\VOLUME{01da548a92ca424f-2492e71d}\WINDOWS\SYSTEM32\WLRMDR.EXE
2024-02-05 03:33:19,\VOLUME{01da548a92ca424f-2492e71d}\WINDOWS\SYSTEM32\WLRMDR.EXE
2024-02-02 23:57:07,\VOLUME{01da548a92ca424f-2492e71d}\WINDOWS\SYSTEM32\WLRMDR.EXE
2024-01-31 13:48:45,\VOLUME{01da548a92ca424f-2492e71d}\WINDOWS\SYSTEM32\WLRMDR.EXE
2024-01-31 12:20:29,\VOLUME{01da548a92ca424f-2492e71d}\WINDOWS\SYSTEM32\WLRMDR.EXE
2024-02-12 04:43:36,\VOLUME{01da548a92ca424f-2492e71d}\WINDOWS\SYSTEM32\WBEM\WMIADAP.EXE
2024-02-11 03:57:30,\VOLUME{01da548a92ca424f-2492e71d}\WINDOWS\SYSTEM32\WBEM\WMIADAP.EXE
2024-02-11 03:49:03,\VOLUME{01da548a92ca424f-2492e71d}\WINDOWS\SYSTEM32\WBEM\WMIADAP.EXE
2024-02-05 03:43:26,\VOLUME{01da548a92ca424f-2492e71d}\WINDOWS\SYSTEM32\WBEM\WMIADAP.EXE
2024-02-05 03:36:36,\VOLUME{01da548a92ca424f-2492e71d}\WINDOWS\SYSTEM32\WBEM\WMIADAP.EXE
2024-02-02 23:59:56,\VOLUME{01da548a92ca424f-2492e71d}\WINDOWS\SYSTEM32\WBEM\WMIADAP.EXE
2024-01-31 12:23:50,\VOLUME{01da548a92ca424f-2492e71d}\WINDOWS\SYSTEM32\WBEM\WMIADAP.EXE
2024-02-12 05:05:08,\VOLUME{01da548a92ca424f-2492e71d}\WINDOWS\SYSTEM32\WBEM\WMIPRVSE.EXE
2024-02-12 04:44:35,\VOLUME{01da548a92ca424f-2492e71d}\WINDOWS\SYSTEM32\WBEM\WMIPRVSE.EXE
2024-02-12 04:43:36,\VOLUME{01da548a92ca424f-2492e71d}\WINDOWS\SYSTEM32\WBEM\WMIPRVSE.EXE
2024-02-11 03:58:30,\VOLUME{01da548a92ca424f-2492e71d}\WINDOWS\SYSTEM32\WBEM\WMIPRVSE.EXE
2024-02-11 03:57:30,\VOLUME{01da548a92ca424f-2492e71d}\WINDOWS\SYSTEM32\WBEM\WMIPRVSE.EXE
2024-02-11 03:55:31,\VOLUME{01da548a92ca424f-2492e71d}\WINDOWS\SYSTEM32\WBEM\WMIPRVSE.EXE
2024-02-11 03:46:41,\VOLUME{01da548a92ca424f-2492e71d}\WINDOWS\SYSTEM32\WUAUCLT.EXE
2024-02-05 03:44:10,\VOLUME{01da548a92ca424f-2492e71d}\WINDOWS\SYSTEM32\WUAUCLT.EXE
2024-02-05 03:40:20,\VOLUME{01da548a92ca424f-2492e71d}\WINDOWS\SYSTEM32\WUAUCLT.EXE
2024-02-05 03:36:53,\VOLUME{01da548a92ca424f-2492e71d}\WINDOWS\SYSTEM32\WUAUCLT.EXE
2024-02-05 03:33:33,\VOLUME{01da548a92ca424f-2492e71d}\WINDOWS\SYSTEM32\WUAUCLT.EXE
2024-02-02 16:15:12,\VOLUME{01da548a92ca424f-2492e71d}\WINDOWS\SYSTEM32\WUAUCLT.EXE
2024-02-02 15:58:57,\VOLUME{01da548a92ca424f-2492e71d}\WINDOWS\SYSTEM32\WUAUCLT.EXE
2024-02-02 15:58:49,\VOLUME{01da548a92ca424f-2492e71d}\WINDOWS\SYSTEM32\WUAUCLT.EXE
2024-02-12 05:10:45,\VOLUME{01da548a92ca424f-2492e71d}\WINDOWS\SYSTEM32\WUDFHOST.EXE
2024-02-12 04:49:25,\VOLUME{01da548a92ca424f-2492e71d}\WINDOWS\SYSTEM32\WUDFHOST.EXE
2024-02-11 04:01:11,\VOLUME{01da548a92ca424f-2492e71d}\WINDOWS\SYSTEM32\WUDFHOST.EXE
2024-01-31 12:20:04,\VOLUME{01da548a92ca424f-2492e71d}\WINDOWS\SYSTEM32\WWAHOST.EXE
